Animal ID,Specimen,Family,Genus,Species,Date Collected,Positive,Bad Result,Plate Number,Plot ID,Easting,Northing,Sample Run,Collected By
1,Slug,Philomycidae,Philomycus,togatus,6/20/2017,FALSE,,4,2017-S1,562688,4867813,01:10,Sam Peterson & Rene Tam
2,Slug,Arionidae,Arion,subfuscus,6/20/2017,FALSE,,4,2017-S2,562303,4868603,01:10,Sam Peterson & Rene Tam
3,Slug,Arionidae,Arion,subfuscus,6/20/2017,FALSE,,4,2017-S3,562500,4867884,01:10,Sam Peterson & Rene Tam
4,Slug,Philomycidae,unknown,unknown,6/21/2017,FALSE,,4,2017-S4,556789,4871807,01:10,Sam Peterson & Rene Tam
5,Slug,Philomycidae,Philomycus,carolinianus,6/21/2017,FALSE,,4,2017-S5,557558,4874191,01:10,Sam Peterson & Rene Tam
6,Slug,Arionidae,Arion,subfuscus,6/21/2017,FALSE,,4,2017-S6,556789,4871807,01:10,Sam Peterson & Rene Tam
7,Snail,Oxychilidae,Oxychilus,draparnaudi,6/21/2017,TRUE,,4,2017-S7,557584,4874211,01:10,Sam Peterson & Rene Tam
8,Slug,Arionidae,Arion,subfuscus,6/26/2017,FALSE,,4,2017-S8,572246,4939704,01:10,Sam Peterson & Rene Tam
9,Slug,Arionidae,Arion,intermedius,7/8/2017,FALSE,,4,2017-S9,503288,4889534,01:10,Sam Peterson & Rene Tam
10,Slug,Philomycidae,Philomycus,flexuolaris,7/8/2017,FALSE,,4,2017-S10,501595,4889534,01:10,Sam Peterson & Rene Tam
11,Slug,Arionidae,Arion,subfuscus,7/8/2017,FALSE,,4,2017-S11,503288,4889534,01:10,Sam Peterson & Rene Tam
12,Slug,Arionidae,Arion,subfuscus,7/8/2017,FALSE,,4,2017-S12,503288,4889534,01:10,Sam Peterson & Rene Tam
13,Snail,Zonitidae,Mesomphix,inornatus,7/8/2017,FALSE,,4,2017-S13,503336,4889170,01:10,Sam Peterson & Rene Tam
14,Slug,Arionidae,Arion,subfuscus,7/9/2017,FALSE,,4,2017-S14,482680,4886945,01:10,Sam Peterson & Rene Tam
15,Slug,Arionidae,Arion,subfuscus,7/9/2017,FALSE,,4,2017-S15,504472,4888326,01:10,Sam Peterson & Rene Tam
16,Slug,Arionidae,Arion,subfuscus,7/11/2017,TRUE,,4,2017-S16,543039,4871641,01:10,Sam Peterson & Rene Tam
17,Slug,Arionidae,Arion,subfuscus,7/13/2017,FALSE,,4,2017-S17,555615,4857195,01:10,Sam Peterson & Rene Tam
18,Slug,Arionidae,Arion,subfuscus,7/26/2017,FALSE,,5,2017-12B3-t1-1,582601.13,4945652,01:10,Alec Wong
19,Slug,Arionidae,Arion,subfuscus,7/26/2017,FALSE,,5,2017-12B3-t1-1,582601.13,4945652,01:10,Alec Wong
20,Slug,Arionidae,Arion,subfuscus,7/26/2017,FALSE,,5,2017-12B3-t1-1,582601.13,4945652,01:10,Alec Wong
21,Snail,Oxychilidae,Oxychilus,unknown,7/26/2017,FALSE,,10,2017-12B3-t1-1,582601.13,4945652,01:10,Alec Wong
22,Snail,Oxychilidae,Oxychilus,unknown,7/30/2017,FALSE,,10,2017-12B3-t3,583243.06,4945489,01:10,Alec Wong
23,Slug,Philomycidae,Philomycus,togatus,7/29/2017,FALSE,,4,2017-10B4-t3,578916.44,4863474.5,01:10,Alec Wong
24,Snail,Oxychilidae,Oxychilus,unknown,7/29/2017,FALSE,,10,2017-10B4-T1-1,579239.5,4863163.5,01:10,Alec Wong
25,Snail,Oxychilidae,Oxychilus,unknown,7/26/2017,FALSE,,10,2017-12B2-t2-1,583709,4943816,01:10,Alec Wong
26,Snail,Gastrodontidae,Zonitoides,unknown,7/29/2017,FALSE,,10,2017-10B4-T1-1,579239.5,4863163.5,01:10,Alec Wong
27,Snail,Gastrodontidae,Zonitoides,unknown,7/29/2017,FALSE,,10,2017-10B4-T1-1,579239.5,4863163.5,01:10,Alec Wong
28,Snail,Gastrodontidae,Zonitoides,unknown,7/29/2017,FALSE,,10,2017-10B4-T1-1,579239.5,4863163.5,01:10,Alec Wong
29,Snail,Gastrodontidae,Zonitoides,unknown,7/29/2017,FALSE,,10,2017-10B4-T1-1,579239.5,4863163.5,01:10,Alec Wong
31,Snail,Unknown,Unknown,unknown,7/30/2017,FALSE,,4,2017-12B2-t1,584252.75,4943971,01:10,Alec Wong
32,Snail,Unknown,Unknown,unknown,7/29/2017,FALSE,,4,2017-10B4-T1-1,579239.5,4863163.5,01:10,Alec Wong
33,Snail,Oxychilidae,Oxychilus,unknown,7/29/2017,FALSE,,10,2017-10B4-t3,578916.44,4863474.5,01:10,Alec Wong
34,Snail,Gastrodontidae,Zonitoides,unknown,7/29/2017,FALSE,,10,2017-10B4-T1-1,579239.5,4863163.5,01:10,Alec Wong
35,Snail,Oxychilidae,Oxychilus,unknown,7/29/2017,FALSE,,10,2017-10B3-t1,578995.88,4865573.5,01:10,Alec Wong
36,Snail,Oxychilidae,Oxychilus,unknown,7/29/2017,FALSE,,10,2017-10B3-t1,578995.88,4865573.5,01:10,Alec Wong
37,Snail,Zonitidae,Mesomphix,inornatus,7/25/2017,FALSE,,5,2017-9A1-2-2,569930,4848086,01:10,Alec Wong
38,Snail,Zonitidae,Mesomphix,inornatus,7/25/2017,FALSE,,5,2017-10B4-2-1,579446,4863662,01:10,Alec Wong
39,Snail,Succineidae,Novisuccinea,ovalis,7/30/2017,FALSE,,11,2017-12B3-t2,582736.13,4945244,01:10,Alec Wong
40,Snail,Gastrodontidae,Zonitoides,unknown,7/26/2017,FALSE,,10,2017-12B3-t1-1,582601.13,4945652,01:10,Alec Wong
42,Snail,Gastrodontidae,Zonitoides,unknown,7/26/2017,FALSE,,10,2017-12B3-t1-1,582601.13,4945652,01:10,Alec Wong
43,Snail,Gastrodontidae,Zonitoides,unknown,7/26/2017,FALSE,,10,2017-12B2-t2-1,583709,4943816,01:10,Alec Wong
44,Slug,Philomycidae,Philomycus,togatus,7/26/2017,FALSE,,6,2017-12B2-t2-1,583709,4943816,01:10,Alec Wong
45,Snail,Oxychilidae,Oxychilus,unknown,7/29/2017,FALSE,,10,2017-10B4-T1-1,579239.5,4863163.5,01:10,Alec Wong
46,Snail,Oxychilidae,Oxychilus,unknown,7/30/2017,FALSE,,10,2017-12B3-t3,583243.06,4945489,01:10,Alec Wong
47,Snail,Oxychilidae,Oxychilus,unknown,7/30/2017,FALSE,,10,2017-12B3-t1-1,582601.13,4945652,01:10,Alec Wong
48,Snail,Oxychilidae,Oxychilus,unknown,7/30/2017,FALSE,,10,2017-12B3-t1-1,582601.13,4945652,01:10,Alec Wong
49,Slug,Arionidae,Arion,subfuscus,7/30/2017,FALSE,,5,2017-12B3-t3,583243.06,4945489,01:10,Alec Wong
50,Slug,Arionidae,Arion,subfuscus,7/30/2017,FALSE,,5,2017-12B3-t3,583243.06,4945489,01:10,Alec Wong
51,Slug,Arionidae,Arion,subfuscus,7/30/2017,FALSE,,5,2017-12B3-t3,583243.06,4945489,01:10,Alec Wong
52,Slug,Arionidae,Arion,unknown,7/29/2017,FALSE,,5,2017-10B4-t2,579496.56,4863605,01:10,Alec Wong
53,Slug,Arionidae,Arion,subfuscus,7/30/2017,FALSE,,5,2017-12B3-t1-1,582601.13,4945652,01:10,Alec Wong
54,Slug,Arionidae,Arion,unknown,7/30/2017,FALSE,,5,2017-12B3-t1-1,582601.13,4945652,01:10,Alec Wong
55,Slug,Philomycidae,Philomycus,flexuolaris,7/29/2017,FALSE,,4,2017-10B4-T1-1,579239.5,4863163.5,01:10,Alec Wong
56,Slug,Unknown,Unknown,unknown,7/29/2017,FALSE,,5,2017-10B4-t3,578916.44,4863474.5,01:10,Alec Wong
57,Slug,Unknown,Unknown,unknown,7/26/2017,FALSE,,5,2017-12B3-t3,583243.06,4945489,01:10,Alec Wong
58,Slug,Philomycidae,Philomycus,togatus,7/29/2017,FALSE,,5,2017-10B4-T1-1,579239.5,4863163.5,01:10,Alec Wong
59,Slug,Philomycidae,Philomycus,togatus,7/29/2017,FALSE,,5,2017-10B4-T1-1,579239.5,4863163.5,01:10,Alec Wong
60,Slug,Unknown,Unknown,unknown,7/29/2017,FALSE,,5,2017-10B4-T1-1,579239.5,4863163.5,01:10,Alec Wong
61,Slug,Unknown,Unknown,unknown,7/29/2017,FALSE,,5,2017-10B4-T1-1,579239.5,4863163.5,01:10,Alec Wong
62,Slug,Unknown,Unknown,unknown,7/29/2017,FALSE,,5,2017-10B4-T1-1,579239.5,4863163.5,01:10,Alec Wong
63,Slug,Arionidae,Arion,,7/29/2017,FALSE,,5,2017-10B4-T1-1,579239.5,4863163.5,01:10,Alec Wong
66,Slug,Arionidae,Arion,subfuscus,7/29/2017,FALSE,,4,2017-10B4-T1-1,579239.5,4863163.5,01:10,Alec Wong
67,Slug,Arionidae,Arion,subfuscus,7/26/2017,FALSE,,4,2017-12B2-t2-1,583709,4943816,01:10,Alec Wong
68,Slug,Arionidae,Arion,subfuscus,7/29/2017,FALSE,,4,2017-10B4-T1-1,579239.5,4863163.5,01:10,Alec Wong
70,Snail,Succineidae,Novisuccinea,ovalis,7/30/2017,FALSE,,11,2017-12B3-t2,582736.13,4945244,01:10,Alec Wong
71,Slug,Arionidae,Arion,subfuscus,7/30/2017,TRUE,,5,2017-12B3-t1-1,582601.13,4945652,01:10,Alec Wong
72,Slug,Arionidae,Arion,subfuscus,7/30/2017,FALSE,,5,2017-12B3-t3,583243.06,4945489,01:10,Alec Wong
73,Snail,Succineidae,Novisuccinea,ovalis,7/30/2017,FALSE,,11,2017-12B3-t1-1,582601.13,4945652,01:10,Alec Wong
74,Slug,Arionidae,Arion,subfuscus,7/26/2017,FALSE,,5,2017-12B3-t2,582736.13,4945244,01:10,Alec Wong
76,Snail,Polygyridae,Neohelix,dentifera,7/30/2017,FALSE,,11,2017-12B3-t2,582736.13,4945244,01:10,Alec Wong
77,Slug,Arionidae,Arion,subfuscus,7/26/2017,FALSE,,5,2017-12B3-t3,583243.06,4945489,01:10,Alec Wong
79,Slug,Arionidae,Arion,subfuscus,7/29/2017,FALSE,,6,2017-10B4-t2,579496.56,4863605,01:10,Alec Wong
80,Slug,Arionidae,Arion,unknown,7/29/2017,FALSE,,6,2017-10B4-t2,579496.56,4863605,01:10,Alec Wong
81,Slug,Arionidae,Arion,subfuscus,7/30/2017,FALSE,,6,2017-12B3-t3,583243.06,4945489,01:10,Alec Wong
82,Snail,Succineidae,Novisuccinea,ovalis,7/30/2017,FALSE,,11,2017-12B3-t1-1,582601.13,4945652,01:10,Alec Wong
83,Snail,Succineidae,Novisuccinea,ovalis,7/30/2017,FALSE,,10,2017-12B3-t2,582736.13,4945244,01:10,Alec Wong
84,Slug,Arionidae,Arion,unknown,7/26/2017,FALSE,,6,2017-12B2-t3,584173,4943437,01:10,Alec Wong
85,Slug,Arionidae,Arion,subfuscus,7/29/2017,FALSE,,6,2017-10B4-T1-1,579239.5,4863163.5,01:10,Alec Wong
86,Slug,Arionidae,Arion,subfuscus,7/29/2017,FALSE,,6,2017-10B4-t2,579496.56,4863605,01:10,Alec Wong
87,Slug,Arionidae,Arion,subfuscus,7/26/2017,FALSE,,6,2017-12B3-t3,583243.06,4945489,01:10,Alec Wong
88,Slug,Arionidae,Arion,subfuscus,7/26/2017,FALSE,,6,2017-12B3-t3,583243.06,4945489,01:10,Alec Wong
89,Slug,Arionidae,Arion,subfuscus,7/26/2017,TRUE,,6,2017-12B3-t3,583243.06,4945489,01:10,Alec Wong
90,Slug,Arionidae,Arion,subfuscus,7/26/2017,FALSE,,6,2017-12B3-t3,583243.06,4945489,01:10,Alec Wong
91,Slug,Arionidae,Arion,subfuscus,7/26/2017,FALSE,,6,2017-12B3-t3,583243.06,4945489,01:10,Alec Wong
92,Slug,Arionidae,Arion,subfuscus,8/4/2017,FALSE,,6,2017-4B3,,,01:10,Alec Wong
93,Slug,Agriolimacidae,Deroceras,laeve,7/25/2017,FALSE,,11,2017-10B4-3,578949.69,4863570,01:10,Alec Wong
94,Slug,Agriolimacidae,Deroceras,laeve,7/25/2017,FALSE,,10,2017-10B4-3,578949.69,4863570,01:10,Alec Wong
95,Slug,Arionidae,Arion,subfuscus,7/26/2017,FALSE,,6,2017-12B3-1-1,583261,4945511,01:10,Alec Wong
96,Slug,Arionidae,Arion,subfuscus,7/26/2017,FALSE,,6,2017-12B3-1-1,583261,4945511,01:10,Alec Wong
97,Slug,Arionidae,Arion,subfuscus,7/26/2017,FALSE,,6,2017-12B3-1-1,583261,4945511,01:10,Alec Wong
98,Slug,Arionidae,Arion,subfuscus,7/26/2017,FALSE,,6,2017-12B3-1-1,583261,4945511,01:10,Alec Wong
99,Slug,Arionidae,Arion,subfuscus,7/26/2017,FALSE,,6,2017-12B3-1-1,583261,4945511,01:10,Alec Wong
100,Slug,Arionidae,Arion,subfuscus,7/26/2017,FALSE,,6,2017-12B3-1-1,583261,4945511,01:10,Alec Wong
101,Slug,Arionidae,Arion,subfuscus,7/26/2017,FALSE,,6,2017-12B3-1-1,583261,4945511,01:10,Alec Wong
102,Slug,Agriolimacidae,Deroceras,laeve,7/25/2017,FALSE,,10,2017-10B4-2-1,579446,4863662,01:10,Alec Wong
103,Slug,Agriolimacidae,Deroceras,laeve,7/25/2017,FALSE,,10,2017-10B4-2-1,579446,4863662,01:10,Alec Wong
104,Slug,Arionidae,Arion,subfuscus,7/26/2017,FALSE,,6,2017-12B2-3-2,584084,4943370,01:10,Alec Wong
105,Slug,Arionidae,Arion,subfuscus,7/25/2017,FALSE,,6,2017-10B4-1-1,579317,4863173,01:10,Alec Wong
106,Slug,Arionidae,Arion,subfuscus,7/25/2017,FALSE,,6,2017-10B4-1-1,579317,4863173,01:10,Alec Wong
107,Slug,Arionidae,Arion,subfuscus,7/25/2017,FALSE,,7,2017-10B4-1-1,579317,4863173,01:10,Alec Wong
108,Slug,Arionidae,Arion,subfuscus,7/25/2017,FALSE,,7,2017-10B4-1-1,579317,4863173,01:10,Alec Wong
109,Slug,Arionidae,Arion,subfuscus,7/25/2017,FALSE,,6,2017-10B4-1-1,579317,4863173,01:10,Alec Wong
110,Slug,Arionidae,Arion,subfuscus,7/25/2017,FALSE,,6,2017-10B4-3-1,578954,4863549,01:10,Alec Wong
111,Slug,Arionidae,Arion,fasciatus,7/25/2017,FALSE,,10,2017-10B4-3-1,578954,4863549,01:10,Alec Wong
112,Slug,Arionidae,Arion,subfuscus,7/25/2017,FALSE,,6,2017-10B4-3-1,578954,4863549,01:10,Alec Wong
113,Slug,Arionidae,Arion,subfuscus,7/25/2017,FALSE,,6,2017-10B4-3-1,578954,4863549,01:10,Alec Wong
114,Slug,Arionidae,Arion,subfuscus,7/25/2017,FALSE,,6,2017-10B4-3-1,578954,4863549,01:10,Alec Wong
115,Slug,Arionidae,Arion,subfuscus,7/25/2017,FALSE,,6,2017-10B4-3-1,578954,4863549,01:10,Alec Wong
116,Slug,Arionidae,Arion,circumscriptus,7/25/2017,TRUE,,10,2017-10B4-3-1,578954,4863549,01:10,Alec Wong
117,Slug,Arionidae,Arion,subfuscus,7/25/2017,FALSE,,6,2017-10B4-3-1,578954,4863549,01:10,Alec Wong
118,Slug,Arionidae,Arion,subfuscus,7/25/2017,FALSE,,6,2017-10B4-3-1,578954,4863549,01:10,Alec Wong
119,Slug,Arionidae,Arion,subfuscus,7/25/2017,FALSE,,6,2017-10B4-3-1,578954,4863549,01:10,Alec Wong
120,Slug,Arionidae,Arion,fasciatus,7/25/2017,FALSE,,10,2017-10B4-3-1,578954,4863549,01:10,Alec Wong
121,Slug,Arionidae,Arion,subfuscus,7/23/2017,FALSE,,6,2017-12B3-3-1,582680,4945751,01:10,Alec Wong
122,Slug,Arionidae,Arion,subfuscus,7/23/2017,FALSE,,6,2017-12B3-3-1,582680,4945751,01:10,Alec Wong
123,Slug,Arionidae,Arion,subfuscus,7/23/2017,FALSE,,7,2017-12B3-3-1,582680,4945751,01:10,Alec Wong
124,Slug,Arionidae,Arion,subfuscus,7/25/2017,FALSE,,7,2017-10B4-2,579424.88,4863675,01:10,Alec Wong
125,Slug,Arionidae,Arion,circumscriptus,7/25/2017,TRUE,,10,2017-10B4-2,579424.88,4863675,01:10,Alec Wong
126,Slug,Arionidae,Arion,subfuscus,7/25/2017,FALSE,,7,2017-10B4-2,579424.88,4863675,01:10,Alec Wong
127,Slug,Arionidae,Arion,subfuscus,7/25/2017,TRUE,,7,2017-10B4-2,579424.88,4863675,01:10,Alec Wong
128,Slug,Arionidae,Arion,subfuscus,7/25/2017,FALSE,,7,2017-10B4-2,579424.88,4863675,01:10,Alec Wong
129,Slug,Arionidae,Arion,subfuscus,7/25/2017,FALSE,,7,2017-10B4-2,579424.88,4863675,01:10,Alec Wong
130,Slug,Arionidae,Arion,subfuscus,7/25/2017,FALSE,,7,2017-10B4-2,579424.88,4863675,01:10,Alec Wong
131,Slug,Arionidae,Arion,subfuscus,7/25/2017,FALSE,,7,2017-10B4-2,579424.88,4863675,01:10,Alec Wong
132,Slug,Arionidae,Arion,subfuscus,7/25/2017,TRUE,,7,2017-10B4-2,579424.88,4863675,01:10,Alec Wong
133,Slug,Arionidae,Arion,subfuscus,7/25/2017,FALSE,,7,2017-10B4-2,579424.88,4863675,01:10,Alec Wong
134,Slug,Arionidae,Arion,subfuscus,7/25/2017,TRUE,,7,2017-10B4-2,579424.88,4863675,01:10,Alec Wong
135,Slug,Arionidae,Arion,subfuscus,7/25/2017,TRUE,,7,2017-10B4-2,579424.88,4863675,01:10,Alec Wong
136,Slug,Arionidae,Arion,subfuscus,7/25/2017,TRUE,,7,2017-10B4-2,579424.88,4863675,01:10,Alec Wong
137,Slug,Arionidae,Arion,subfuscus,7/25/2017,FALSE,,7,2017-10B4-2,579424.88,4863675,01:10,Alec Wong
138,Slug,Arionidae,Arion,subfuscus,7/25/2017,FALSE,,7,2017-9A1-3,570284,4847683,01:10,Alec Wong
139,Slug,Arionidae,Arion,subfuscus,7/25/2017,FALSE,,7,2017-9A1-3,570284,4847683,01:10,Alec Wong
140,Slug,Agriolimacidae,Deroceras,laeve,7/25/2017,FALSE,,7,2017-10B4-1-1,579317,4863173,01:10,Alec Wong
141,Slug,Arionidae,Arion,subfuscus,7/26/2017,FALSE,,6,2017-12B3-2-2,582832,4945198,01:10,Alec Wong
142,Slug,Arionidae,Arion,subfuscus,7/25/2017,FALSE,,6,2017-10B4-2-1,579446,4863662,01:10,Alec Wong
143,Slug,Arionidae,Arion,subfuscus,7/25/2017,FALSE,,5,2017-10B4-2-1,579446,4863662,01:10,Alec Wong
144,Slug,Arionidae,Arion,subfuscus,7/25/2017,FALSE,,5,2017-10B4-2-1,579446,4863662,01:10,Alec Wong
145,Slug,Arionidae,Arion,subfuscus,7/25/2017,FALSE,,5,2017-10B4-2-1,579446,4863662,01:10,Alec Wong
146,Slug,Arionidae,Arion,subfuscus,7/25/2017,FALSE,,5,2017-10B4-2-1,579446,4863662,01:10,Alec Wong
147,Slug,Arionidae,Arion,subfuscus,7/25/2017,FALSE,,5,2017-10B4-2-1,579446,4863662,01:10,Alec Wong
148,Slug,Arionidae,Arion,subfuscus,7/26/2017,FALSE,,5,2017-12B3-3,582664.25,4945734,01:10,Alec Wong
149,Slug,Arionidae,Arion,subfuscus,7/26/2017,FALSE,,5,2017-12B3-3,582664.25,4945734,01:10,Alec Wong
150,Slug,Arionidae,Arion,subfuscus,7/26/2017,FALSE,,5,2017-12B3-3,582664.25,4945734,01:10,Alec Wong
151,Slug,Arionidae,Arion,subfuscus,7/26/2017,FALSE,,5,2017-12B3-3,582664.25,4945734,01:10,Alec Wong
152,Slug,Arionidae,Arion,subfuscus,7/26/2017,FALSE,,5,2017-12B3-3,582664.25,4945734,01:10,Alec Wong
153,Slug,Arionidae,Arion,subfuscus,7/26/2017,FALSE,,5,2017-12B3-3,582664.25,4945734,01:10,Alec Wong
154,Slug,Arionidae,Arion,subfuscus,7/26/2017,FALSE,,5,2017-12B3-3,582664.25,4945734,01:10,Alec Wong
155,Slug,Arionidae,Arion,subfuscus,7/26/2017,FALSE,,5,2017-12B3-3,582664.25,4945734,01:10,Alec Wong
156,Slug,Arionidae,Arion,subfuscus,7/26/2017,FALSE,,5,2017-12B3-3,582664.25,4945734,01:10,Alec Wong
157,Slug,Arionidae,Arion,subfuscus,7/26/2017,FALSE,,4,2017-12B3-3,582664.25,4945734,01:10,Alec Wong
158,Slug,Arionidae,Arion,subfuscus,7/26/2017,FALSE,,6,2017-12B2-2,583709,4943716,01:10,Alec Wong
159,Slug,Arionidae,Arion,subfuscus,7/26/2017,FALSE,,4,2017-12B2-2,583709,4943716,01:10,Alec Wong
160,Slug,Arionidae,Arion,subfuscus,7/26/2017,FALSE,,4,2017-12B2-2,583709,4943716,01:10,Alec Wong
161,Slug,Arionidae,Arion,subfuscus,7/26/2017,FALSE,,4,2017-12B2-2,583709,4943716,01:10,Alec Wong
162,Slug,Arionidae,Arion,subfuscus,7/26/2017,FALSE,,4,2017-12B3-2,582820,4945219,01:10,Alec Wong
163,Slug,Arionidae,Arion,subfuscus,7/26/2017,FALSE,,4,2017-12B3-2,582820,4945219,01:10,Alec Wong
164,Slug,Arionidae,Arion,subfuscus,7/26/2017,FALSE,,4,2017-12B3-2,582820,4945219,01:10,Alec Wong
165,Slug,Arionidae,Arion,subfuscus,7/26/2017,FALSE,,5,2017-12B3-2,582820,4945219,01:10,Alec Wong
166,Slug,Arionidae,Arion,subfuscus,7/26/2017,FALSE,,5,2017-12B3-2,582820,4945219,01:10,Alec Wong
167,Slug,Arionidae,Arion,subfuscus,7/26/2017,FALSE,,6,2017-12B3-2,582820,4945219,01:10,Alec Wong
168,Slug,Agriolimacidae,Deroceras,unknown,7/25/2017,FALSE,,4,2017-10B4-2,579424.88,4863675,01:10,Alec Wong
169,Slug,Arionidae,Arion,subfuscus,7/25/2017,FALSE,,4,2017-10B4-2-1,579446,4863662,01:10,Alec Wong
170,Slug,Arionidae,Arion,subfuscus,7/25/2017,FALSE,,4,2017-10B4-2-1,579446,4863662,01:10,Alec Wong
171,Slug,Arionidae,Arion,subfuscus,7/25/2017,FALSE,,4,2017-10B4-2-1,579446,4863662,01:10,Alec Wong
172,Slug,Arionidae,Arion,subfuscus,7/25/2017,FALSE,,4,2017-10B4-2-1,579446,4863662,01:10,Alec Wong
173,Slug,Arionidae,Arion,subfuscus,7/25/2017,FALSE,,5,2017-10B4-2-1,579446,4863662,01:10,Alec Wong
174,Slug,Arionidae,Arion,subfuscus,7/25/2017,FALSE,,5,2017-10B4-2-1,579446,4863662,01:10,Alec Wong
175,Slug,Arionidae,Arion,subfuscus,7/25/2017,FALSE,,6,2017-10B4-2-1,579446,4863662,01:10,Alec Wong
176,Slug,Agriolimacidae,Deroceras,unknown,7/26/2017,FALSE,,6,2017-12B3-3,582664.25,4945734,01:10,Alec Wong
177,Slug,Arionidae,Arion,subfuscus,7/26/2017,TRUE,,6,2017-12B2-3-1,584097,4943412,01:10,Alec Wong
178,Slug,Arionidae,Arion,subfuscus,7/26/2017,FALSE,,6,2017-12B2-3,584085,4943392,01:10,Alec Wong
179,Slug,Arionidae,Arion,subfuscus,7/26/2017,FALSE,,6,2017-12B2-3,584085,4943392,01:10,Alec Wong
180,Slug,Arionidae,Arion,subfuscus,7/26/2017,FALSE,,6,2017-12B2-3,584085,4943392,01:10,Alec Wong
181,Slug,Arionidae,Arion,subfuscus,7/26/2017,FALSE,,4,2017-12B3-3-1,582680,4945751,01:10,Alec Wong
182,Slug,Arionidae,Arion,subfuscus,7/26/2017,FALSE,,4,2017-12B3-1-2,583227,4945477,01:10,Alec Wong
183,Slug,Arionidae,Arion,subfuscus,7/26/2017,FALSE,,4,2017-12B3-1-2,583227,4945477,01:10,Alec Wong
184,Slug,Arionidae,Arion,subfuscus,7/26/2017,FALSE,,4,2017-12B3-1-2,583227,4945477,01:10,Alec Wong
185,Slug,Arionidae,Arion,subfuscus,7/26/2017,TRUE,,1,2017-12B3-1-2,583227,4945477,01:01,Alec Wong
185,Slug,Arionidae,Arion,subfuscus,7/26/2017,FALSE,,4,2017-12B3-1-2,583227,4945477,01:10,Alec Wong
186,Slug,Arionidae,Arion,subfuscus,7/26/2017,FALSE,,4,2017-12B3-1-2,583227,4945477,01:10,Alec Wong
187,Slug,Arionidae,Arion,subfuscus,7/26/2017,FALSE,,5,2017-12B3-1-2,583227,4945477,01:10,Alec Wong
188,Slug,Arionidae,Arion,subfuscus,7/26/2017,FALSE,,5,2017-12B3-3-2,582655,4945719,01:10,Alec Wong
189,Slug,Arionidae,Arion,subfuscus,7/26/2017,FALSE,,5,2017-12B2-3,584085,4943392,01:10,Alec Wong
190,Slug,Arionidae,Arion,subfuscus,7/26/2017,FALSE,,5,2017-12B2-3,584085,4943392,01:10,Alec Wong
191,Slug,Arionidae,Arion,subfuscus,7/26/2017,TRUE,,5,2017-12B2-3,584085,4943392,01:10,Alec Wong
192,Slug,Arionidae,Arion,subfuscus,7/26/2017,FALSE,,6,2017-12B2-3,584085,4943392,01:10,Alec Wong
193,Slug,Arionidae,Arion,subfuscus,7/26/2017,FALSE,,4,2017-12B2-3,584085,4943392,01:10,Alec Wong
194,Slug,Arionidae,Arion,subfuscus,7/26/2017,FALSE,,4,2017-12B2-3,584085,4943392,01:10,Alec Wong
195,Slug,Arionidae,Arion,subfuscus,7/26/2017,FALSE,,7,2017-12B2-3,584085,4943392,01:10,Alec Wong
196,Slug,Arionidae,Arion,subfuscus,7/26/2017,FALSE,,4,2017-12B3-2-1,582804,4945239,01:10,Alec Wong
197,Slug,Arionidae,Arion,subfuscus,7/26/2017,FALSE,,7,2017-12B3-2-1,582804,4945239,01:10,Alec Wong
198,Slug,Arionidae,Arion,subfuscus,7/26/2017,FALSE,,4,2017-12B3-2-1,582804,4945239,01:10,Alec Wong
200,Slug,Arionidae,Arion,subfuscus,7/26/2017,FALSE,,7,2017-12B3-2-1,582804,4945239,01:10,Alec Wong
201,Snail,Succineidae,Novisuccinea,ovalis,7/30/2017,FALSE,,8,2017-12B3-2,582820,4945219,01:10,Alec Wong
202,Slug,Philomycidae,Philomycus,togatus,7/25/2017,FALSE,,8,2017-10B4-3-1,578954,4863549,01:10,Alec Wong
203,Slug,Philomycidae,Philomycus,togatus,7/25/2017,FALSE,,8,2017-10B4-3-2,578957,4863596,01:10,Alec Wong
204,Snail,Polygyridae,Neohelix,dentifera,7/26/2017,FALSE,,10,2017-12B3-1-2,583227,4945477,01:10,Alec Wong
205,Snail,Polygyridae,Xolotrema,denotatum,7/25/2017,FALSE,,8,2017-9A1-3-2,570311,4847685,01:10,Alec Wong
206,Snail,Polygyridae,Appalachina,sayana,7/25/2017,FALSE,,8,2017-10B4-3-1,578954,4863549,01:10,Alec Wong
207,Snail,Polygyridae,Appalachina,sayana,7/25/2017,FALSE,,8,2017-9A1-2-1,569946,4848039,01:10,Alec Wong
208,Snail,Polygyridae,Appalachina,sayana,7/25/2017,FALSE,,8,2017-9A1-2-1,569946,4848039,01:10,Alec Wong
209,Snail,Polygyridae,Appalachina,sayana,7/25/2017,FALSE,,8,2017-9A1-1-1,569715,4847574,01:10,Alec Wong
210,Snail,Polygyridae,Triodopsis,tridentata,7/25/2017,FALSE,,8,2017-9A1-1-1,569715,4847574,01:10,Alec Wong
211,Snail,Oxychilidae,Oxychilus,draparnaudi,7/25/2017,FALSE,,8,2017-9A1-2-1,569946,4848039,01:10,Alec Wong
212,Snail,Oxychilidae,Oxychilus,draparnaudi,7/26/2017,FALSE,,8,2017-12B3-1-1,583261,4945511,01:10,Alec Wong
213,Slug,Philomycidae,Megapallifera,mutabilis,7/30/2017,FALSE,,10,2017-12B3-1,583248,4945490,01:10,Alec Wong
214,Slug,Philomycidae,Philomycus,flexuolaris,7/22/2017,FALSE,,7,2017-9A1-3,570284,4847683,01:10,Alec Wong
215,Slug,Philomycidae,Philomycus,togatus,7/22/2017,FALSE,,7,2017-9A1-1,569726.69,4847558.5,01:10,Alec Wong
216,Snail,Unknown,Unknown,unknown,7/22/2017,FALSE,,10,2017-9A1-2,569939.19,4848066.5,01:10,Alec Wong
217,Snail,Unknown,Unknown,unknown,7/30/2017,FALSE,,11,2017-12B3-2,582820,4945219,01:10,Alec Wong
218,Snail,Unknown,Unknown,unknown,7/30/2017,FALSE,,11,2017-12B3-1-1,583261,4945511,01:10,Alec Wong
219,Snail,Unknown,Unknown,unknown,7/30/2017,FALSE,,7,2017-12B3-3,582664.25,4945734,01:10,Alec Wong
220,Slug,Philomycidae,Philomycus,togatus,7/23/2017,FALSE,,7,2017-12B3-1,583248,4945490,01:10,Alec Wong
221,Slug,Unknown,Unknown,unknown,7/29/2017,FALSE,,11,2017-10B4-1,579333,4863199,01:10,Alec Wong
222,Slug,Unknown,Unknown,unknown,7/22/2017,FALSE,,11,2017-9A1-2-1,569946,4848039,01:10,Alec Wong
223,Slug,Philomycidae,Pallifera,dorsalis,7/29/2017,FALSE,,7,2017-10B4-3,578949.69,4863570,01:10,Alec Wong
224,Slug,Philomycidae,Pallifera,dorsalis,7/25/2017,FALSE,,7,2017-10B4-1,579333,4863199,01:10,Alec Wong
225,Slug,Agriolimacidae,Deroceras,laeve,7/25/2017,FALSE,,7,2017-10B4-1,579333,4863199,01:10,Alec Wong
226,Slug,Philomycidae,Pallifera,dorsalis,7/25/2017,FALSE,,7,2017-10B4-1,579333,4863199,01:10,Alec Wong
227,Slug,Philomycidae,Pallifera,dorsalis,7/25/2017,FALSE,,7,2017-10B4-1,579333,4863199,01:10,Alec Wong
228,Slug,Philomycidae,Pallifera,dorsalis,7/25/2017,FALSE,,7,2017-10B4-1,579333,4863199,01:10,Alec Wong
229,Slug,Agriolimacidae,Deroceras,laeve,7/25/2017,FALSE,,7,2017-10B4-1,579333,4863199,01:10,Alec Wong
230,Slug,Agriolimacidae,Deroceras,laeve,7/25/2017,FALSE,,8,2017-10B4-1,579333,4863199,01:10,Alec Wong
231,Snail,Discidae,Discus,catskillensis,7/22/2017,FALSE,,11,2017-10B4-2-1,579446,4863662,01:10,Alec Wong
232,Snail,Oxychilidae,Oxychilus,draparnaudi,7/29/2017,FALSE,,11,2017-9A1-2-2,569930,4848086,01:10,Alec Wong
233,Snail,Polygyridae,Euchemotrema,fraternum,7/30/2017,FALSE,,11,2017-12B2-3,584085,4943392,01:10,Alec Wong
234,Snail,Polygyridae,Neohelix,dentifera,7/30/2017,FALSE,,11,2017-12B3-2,582820,4945219,01:10,Alec Wong
235,Snail,Oxychilidae,Oxychilus,cellarius,7/29/2017,TRUE,,11,2017-10B4-2,579424.88,4863675,01:10,Alec Wong
236,Snail,Polygyridae,Appalachina,sayana,7/29/2017,FALSE,,11,2017-9A1-3,570284,4847683,01:10,Alec Wong
237,Snail,Polygyridae,Appalachina,sayana,7/30/2017,FALSE,,11,2017-12B3-2-1,582804,4945239,01:10,Alec Wong
238,Slug,Unknown,Unknown,unknown,7/25/2017,FALSE,,11,2017-10B4-t3,578916.44,4863474.5,01:10,Alec Wong
239,Slug,Arionidae,Arion,subfuscus,7/23/2017,FALSE,,7,2017-12B3-t3,583243.06,4945489,01:10,Alec Wong
240,Slug,Arionidae,Arion,subfuscus,7/23/2017,FALSE,,7,2017-12B3-t3,583243.06,4945489,01:10,Alec Wong
241,Slug,Philomycidae,Philomycus,flexuolaris,7/22/2017,FALSE,,7,2017-10B4-t3,578916.44,4863474.5,01:10,Alec Wong
242,Snail,Succineidae,Novisuccinea,ovalis,7/23/2017,FALSE,,12,2017-12B3-t2,582736.13,4945244,01:10,Alec Wong
243,Snail,Succineidae,Novisuccinea,ovalis,7/23/2017,FALSE,,12,2017-12B3-t2,582736.13,4945244,01:10,Alec Wong
244,Snail,Oxychilidae,Oxychilus,allarius,7/25/2017,FALSE,,12,2017-10B4-t2,579496.56,4863605,01:10,Alec Wong
245,Snail,Succineidae,Novisuccinea,ovalis,7/23/2017,FALSE,,10,2017-12B3-t2,582736.13,4945244,01:10,Alec Wong
246,Snail,Gastrodontidae,Zonitoides,arboreus,7/25/2017,FALSE,,12,2017-10B4-t3,578916.44,4863474.5,01:10,Alec Wong
247,Snail,Unknown,Unknown,unknown,7/23/2017,FALSE,,12,2017-12B3-t3,583243.06,4945489,01:10,Alec Wong
248,Slug,Unknown,Unknown,unknown,7/23/2017,FALSE,,12,2017-12B3-t1-1,582601.13,4945652,01:10,Alec Wong
249,Snail,Polygyridae,Neohelix,dentifera,8/5/2017,FALSE,,12,2017-12A1-1-2,591000,4955064,01:10,Alec Wong
250,Snail,Oxychilidae,Oxychilus,cellarius,8/11/2017,FALSE,,12,2017-12A5-2,586270,4956550,01:10,Alec Wong
251,Snail,Polygyridae,Euchemotrema,unknown,8/12/2017,FALSE,,12,2017-10B3-2,578525,4865403,01:10,Alec Wong
252,Snail,Polygyridae,Appalachina,sayana,8/8/2017,FALSE,,12,2017-12A1-2-2,590982,4954615,01:10,Alec Wong
253,Snail,Oxychilidae,Oxychilus,cellarius,8/8/2017,FALSE,,12,2017-12A1-1-1,590961,4955091,01:10,Alec Wong
254,Snail,Succineidae,Novisuccinea,ovalis,8/8/2017,FALSE,,12,2017-12A1-3-2,590471,4954758,01:10,Alec Wong
255,Snail,Discidae,Discus,catskillensis,8/12/2017,FALSE,,12,2017-10B2-1,584821,4866071,01:10,Alec Wong
256,Snail,Discidae,Discus,catskillensis,8/12/2017,FALSE,,12,2017-10B2-1,584821,4866071,01:10,Alec Wong
257,Snail,Discidae,Discus,catskillensis,8/12/2017,FALSE,,12,2017-10B2-1,584821,4866071,01:10,Alec Wong
259,Snail,Zonitidae,Mesomphix,inornatus,8/9/2017,FALSE,,10,2017-10B2-3-1,584303.81,4866156,01:10,Alec Wong
260,Snail,Gastrodontidae,Striatura,ferrea,8/6/2017,FALSE,,12,2017-10B3-3,578476,4865944,01:10,Alec Wong
261,Snail,Zonitidae,Nesovitrea,electrina,8/11/2017,FALSE,,11,2017-12A1-1,590981,4955078,01:10,Alec Wong
262,Snail,Oxychilidae,Oxychilus,cellarius,8/8/2017,FALSE,,11,2017-12A1-t3,590508.5,4954635,01:10,Alec Wong
263,Snail,Oxychilidae,Oxychilus,allarius,8/8/2017,FALSE,,11,2017-12A1-t1,590891,4955118,01:10,Alec Wong
264,Snail,Gastrodontidae,Zonitoides,arboreus,8/9/2017,FALSE,,11,2017-10B2-2-2,584426,4865635,01:10,Alec Wong
265,Slug,Philomycidae,Megapallifera,mutabilis,8/5/2017,FALSE,,11,2017-12A1-2-2,590982,4954615,01:10,Alec Wong
266,Snail,Unknown,Unknown,unknown,8/11/2017,FALSE,,11,2017-12A1-t1,590891,4955118,01:10,Alec Wong
267,Snail,Zonitidae,Nesovitrea,electrina,8/11/2017,FALSE,,11,2017-12A1-t2,591040.44,4954664,01:10,Alec Wong
268,Snail,Discidae,Discus,unknown,8/6/2017,FALSE,,11,2017-10B2-3,584303.81,4866156,01:10,Alec Wong
269,Snail,Zonitidae,Nesovitrea,unknown,8/11/2017,FALSE,,11,2017-12A1-t1,590891,4955118,01:10,Alec Wong
270,Snail,Zonitidae,Nesovitrea,electrina,8/12/2017,FALSE,,11,2017-10B3-1,579004,4865680,01:10,Alec Wong
271,Snail,Zonitidae,Nesovitrea,electrina,8/12/2017,FALSE,,11,2017-10B3-1,579004,4865680,01:10,Alec Wong
272,Snail,Zonitidae,Nesovitrea,binneyana,8/11/2017,FALSE,,11,2017-12A1-t3,590508.5,4954635,01:10,Alec Wong
273,Snail,Unknown,Unknown,unknown,8/11/2017,FALSE,,11,2017-12A1-t3,590508.5,4954635,01:10,Alec Wong
274,Snail,Unknown,Unknown,unknown,8/11/2017,FALSE,,11,2017-12A5-1-2,586821,4956492,01:10,Alec Wong
275,Snail,Zonitidae,Nesovitrea,binneyana,8/11/2017,FALSE,,11,2017-12A5-1-2,586821,4956492,01:10,Alec Wong
276,Snail,Zonitidae,Nesovitrea,unknown,8/11/2017,FALSE,,11,2017-12A5-1-2,586821,4956492,01:10,Alec Wong
277,Snail,Zonitidae,Nesovitrea,electrina,8/11/2017,FALSE,,11,2017-12A5-1-2,586821,4956492,01:10,Alec Wong
278,Snail,Vitrinidae,Vitrina,angelicae,8/11/2017,FALSE,,11,2017-12A5-1-2,586821,4956492,01:10,Alec Wong
279,Snail,Vitrinidae,Vitrina,angelicae,8/11/2017,FALSE,,11,2017-12A5-1-2,586821,4956492,01:10,Alec Wong
280,Snail,Vitrinidae,Vitrina,angelicae,8/11/2017,FALSE,,11,2017-12A5-1-2,586821,4956492,01:10,Alec Wong
281,Slug,Arionidae,Arion,subfuscus,7/25/2017,FALSE,,11,2017-10B4-T2,579496.56,4863605,01:10,Alec Wong
282,Slug,Arionidae,Arion,subfuscus,7/23/2017,FALSE,,9,2017-12B3-T2,582736.13,4945244,01:10,Alec Wong
283,Slug,Arionidae,Arion,subfuscus,7/25/2017,FALSE,,9,2017-10B4-T1-1,579239.5,4863163.5,01:10,Alec Wong
284,Slug,Arionidae,Arion,subfuscus,7/22/2017,FALSE,,9,2017-10B4-T3,578916.44,4863474.5,01:10,Alec Wong
285,Slug,Arionidae,Arion,subfuscus,7/23/2017,FALSE,,9,2017-12B3-T3,583243.06,4945489,01:10,Alec Wong
286,Slug,Arionidae,Arion,subfuscus,7/23/2017,FALSE,,11,2017-12B3-T3,583243.06,4945489,01:10,Alec Wong
287,Slug,Arionidae,Arion,subfuscus,7/25/2017,FALSE,,9,2017-10B4-T2,579496.56,4863605,01:10,Alec Wong
288,Slug,Arionidae,Arion,subfuscus,7/22/2017,FALSE,,11,2017-10B4-T2,579496.56,4863605,01:10,Alec Wong
289,Slug,Arionidae,Arion,subfuscus,7/25/2017,FALSE,,9,2017-10B4-T1-1,579239.5,4863163.5,01:10,Alec Wong
290,Slug,Arionidae,Arion,subfuscus,7/25/2017,FALSE,,11,2017-10B4-T1-1,579239.5,4863163.5,01:10,Alec Wong
291,Slug,Arionidae,Arion,subfuscus,7/25/2017,FALSE,,11,2017-9A1-T3,570256,4847585.5,01:10,Alec Wong
292,Slug,Arionidae,Arion,subfuscus,7/22/2017,FALSE,,11,2017-10B4-T2,579496.56,4863605,01:10,Alec Wong
293,Slug,Arionidae,Arion,subfuscus,7/23/2017,FALSE,,11,2017-12B3-T3,583243.06,4945489,01:10,Alec Wong
294,Slug,Arionidae,Arion,subfuscus,7/25/2017,FALSE,,11,2017-10B4-T2,579496.56,4863605,01:10,Alec Wong
295,Slug,Arionidae,Arion,subfuscus,7/25/2017,FALSE,,9,2017-10B4-T1-1,579239.5,4863163.5,01:10,Alec Wong
296,Slug,Arionidae,Arion,subfuscus,7/25/2017,FALSE,,9,2017-10B4-T2,579496.56,4863605,01:10,Alec Wong
297,Slug,Arionidae,Arion,subfuscus,7/23/2017,FALSE,,9,2017-12B3-T3,583243.06,4945489,01:10,Alec Wong
298,Slug,Arionidae,Arion,subfuscus,7/23/2017,FALSE,,9,2017-12B3-T3,583243.06,4945489,01:10,Alec Wong
299,Slug,Arionidae,Arion,subfuscus,7/25/2017,FALSE,,9,2017-10B4-T2,579496.56,4863605,01:10,Alec Wong
300,Slug,Arionidae,Arion,subfuscus,7/23/2017,FALSE,,9,2017-12B3-T3,583243.06,4945489,01:10,Alec Wong
301,Slug,Arionidae,Arion,subfuscus,7/23/2017,FALSE,,9,2017-12B3-T2,582736.13,4945244,01:10,Alec Wong
302,Slug,Arionidae,Arion,subfuscus,7/23/2017,FALSE,,9,2017-12B3-t1-1,582601.13,4945652,01:10,Alec Wong
303,Slug,Arionidae,Arion,subfuscus,7/22/2017,FALSE,,9,2017-10B4-T2,579496.56,4863605,01:10,Alec Wong
304,Slug,Arionidae,Arion,subfuscus,7/25/2017,FALSE,,9,2017-10B4-T2,579496.56,4863605,01:10,Alec Wong
305,Slug,Arionidae,Arion,subfuscus,7/25/2017,FALSE,,9,2017-10B4-T2,579496.56,4863605,01:10,Alec Wong
306,Slug,Arionidae,Arion,subfuscus,7/25/2017,FALSE,,9,2017-10B4-T2,579496.56,4863605,01:10,Alec Wong
307,Slug,Arionidae,Arion,subfuscus,7/25/2017,FALSE,,12,2017-10B4-T2,579496.56,4863605,01:10,Alec Wong
308,Slug,Arionidae,Arion,subfuscus,7/25/2017,FALSE,,12,2017-10B4-T2,579496.56,4863605,01:10,Alec Wong
309,Slug,Arionidae,Arion,subfuscus,7/25/2017,FALSE,,12,2017-10B4-T2,579496.56,4863605,01:10,Alec Wong
310,Slug,Arionidae,Arion,subfuscus,7/25/2017,FALSE,,12,2017-10B4-T2,579496.56,4863605,01:10,Alec Wong
311,Slug,Arionidae,Arion,subfuscus,7/25/2017,FALSE,,12,2017-10B4-T2,579496.56,4863605,01:10,Alec Wong
312,Slug,Arionidae,Arion,subfuscus,7/22/2017,FALSE,,12,2017-10B4-T2,579496.56,4863605,01:10,Alec Wong
313,Slug,Arionidae,Arion,subfuscus,8/8/2017,FALSE,,12,2017-12A5-1,586805,4956509,01:10,Alec Wong
314,Slug,Arionidae,Arion,subfuscus,8/8/2017,FALSE,,12,2017-12A5-T3,586367.25,4956069,01:10,Alec Wong
315,Slug,Arionidae,Arion,subfuscus,8/8/2017,FALSE,,12,2017-12A1-2,590969,4954601,01:10,Alec Wong
316,Slug,Arionidae,Arion,subfuscus,8/8/2017,FALSE,,12,2017-12A5-T3,586367.25,4956069,01:10,Alec Wong
317,Slug,Arionidae,Arion,subfuscus,8/8/2017,FALSE,,12,2017-12A5-T3,586367.25,4956069,01:10,Alec Wong
318,Slug,Arionidae,Arion,subfuscus,8/8/2017,FALSE,,12,2017-12A5-T1,586862,4956422.5,01:10,Alec Wong
319,Slug,Arionidae,Arion,subfuscus,8/8/2017,FALSE,,12,2017-12A5-3-1,586497,4956039,01:10,Alec Wong
320,Slug,Arionidae,Arion,subfuscus,8/8/2017,FALSE,,12,2017-12A5-3-2,586497,4956039,01:10,Alec Wong
321,Slug,Arionidae,Arion,subfuscus,8/8/2017,FALSE,,12,2017-12A1-1-2,591000,4955064,01:10,Alec Wong
322,Slug,Arionidae,Arion,subfuscus,8/8/2017,FALSE,,12,2017-12A5-T1,586862,4956422.5,01:10,Alec Wong
323,Slug,Arionidae,Arion,subfuscus,8/8/2017,FALSE,,12,2017-12A1-T3,590508.5,4954635,01:10,Alec Wong
324,Slug,Arionidae,Arion,subfuscus,8/8/2017,FALSE,,12,2017-12A1-T3,590508.5,4954635,01:10,Alec Wong
325,Slug,Arionidae,Arion,subfuscus,8/8/2017,FALSE,,12,2017-12A1-T3,590508.5,4954635,01:10,Alec Wong
326,Slug,Arionidae,Arion,subfuscus,8/5/2017,FALSE,,12,2017-12A5-1-1,586802,4956529,01:10,Alec Wong
327,Slug,Arionidae,Arion,subfuscus,8/5/2017,FALSE,,12,2017-12A5-T3,586367.25,4956069,01:10,Alec Wong
328,Slug,Arionidae,Arion,fasciatus,8/11/2017,FALSE,,12,2017-12A5-1,586805,4956509,01:10,Alec Wong
329,Slug,Arionidae,Arion,subfuscus,8/11/2017,FALSE,,12,2017-12A5-3,586473,4956046,01:10,Alec Wong
330,Slug,Arionidae,Arion,subfuscus,8/11/2017,FALSE,,12,2017-12A1-3,590491,4954746,01:10,Alec Wong
331,Slug,Arionidae,Arion,subfuscus,8/11/2017,FALSE,,12,2017-12A5-T2-1,586337.81,4956633.5,01:10,Alec Wong
332,Slug,Arionidae,Arion,subfuscus,8/11/2017,FALSE,,12,2017-12A5-T2-1,586337.81,4956633.5,01:10,Alec Wong
333,Slug,Arionidae,Arion,subfuscus,8/11/2017,FALSE,,12,2017-12A1-T2,591040.44,4954664,01:10,Alec Wong
334,Slug,Arionidae,Arion,subfuscus,8/8/2017,FALSE,,12,2017-12A5-T2-1,586337.81,4956633.5,01:10,Alec Wong
335,Slug,Arionidae,Arion,subfuscus,8/9/2017,FALSE,,12,2017-10B2-1-2,584824,4866046,01:10,Alec Wong
336,Slug,Arionidae,Arion,subfuscus,8/9/2017,FALSE,,12,2017-10B3-2-1,578548,4865392,01:10,Alec Wong
337,Slug,Arionidae,Arion,subfuscus,8/9/2017,FALSE,,13,2017-10B3-1,579004,4865680,01:10,Alec Wong
338,Slug,Arionidae,Arion,subfuscus,8/9/2017,FALSE,,13,2017-10B3-T3,578395,4865877.5,01:10,Alec Wong
339,Slug,Arionidae,Arion,subfuscus,8/9/2017,FALSE,,9,2017-10B2-T1,584808.25,4865971.5,01:10,Alec Wong
340,Slug,Arionidae,Arion,subfuscus,8/12/2017,FALSE,,13,2017-10B3-T1,578995.88,4865573.5,01:10,Alec Wong
341,Slug,Arionidae,Arion,subfuscus,8/10/2017,FALSE,,13,2017-12A5-T1,586862,4956422.5,01:10,Alec Wong
342,Slug,Arionidae,Arion,subfuscus,8/12/2017,FALSE,,13,2017-10B3-T2-1,578621.44,4865361,01:10,Alec Wong
343,Slug,Arionidae,Arion,subfuscus,8/12/2017,FALSE,,13,2017-10B2-T3,584251.13,4866071,01:10,Alec Wong
344,Slug,Arionidae,Arion,subfuscus,8/12/2017,FALSE,,13,2017-10B3-T3,578395,4865877.5,01:10,Alec Wong
345,Slug,Arionidae,Arion,subfuscus,8/12/2017,FALSE,,13,2017-10B3-3,578476,4865944,01:10,Alec Wong
346,Slug,Arionidae,Arion,subfuscus,8/12/2017,FALSE,,13,2017-10B2-T3,584251.13,4866071,01:10,Alec Wong
347,Slug,Arionidae,Arion,subfuscus,8/12/2017,FALSE,,13,2017-10B2-T3,584251.13,4866071,01:10,Alec Wong
348,Slug,Arionidae,Arion,subfuscus,8/12/2017,FALSE,,9,2017-10B3-T1,578995.88,4865573.5,01:10,Alec Wong
349,Slug,Arionidae,Arion,subfuscus,8/12/2017,FALSE,,9,2017-10B2-T3,584251.13,4866071,01:10,Alec Wong
350,Slug,Arionidae,Arion,subfuscus,8/12/2017,FALSE,,13,2017-10B2-1-1,584820,4866093,01:10,Alec Wong
351,Slug,Arionidae,Arion,subfuscus,8/12/2017,FALSE,,13,2017-10B2-1-1,584820,4866093,01:10,Alec Wong
352,Slug,Arionidae,Arion,subfuscus,8/12/2017,FALSE,,13,2017-10B2-1-1,584820,4866093,01:10,Alec Wong
353,Slug,Arionidae,Arion,subfuscus,8/12/2017,FALSE,,13,2017-10B2-1-1,584820,4866093,01:10,Alec Wong
354,Slug,Arionidae,Arion,subfuscus,8/6/2017,FALSE,,8,2017-10B2-1-2,584824,4866046,01:10,Alec Wong
355,Slug,Arionidae,Arion,subfuscus,8/6/2017,FALSE,,8,2017-10B2-1-2,584824,4866046,01:10,Alec Wong
356,Slug,Arionidae,Arion,subfuscus,8/6/2017,FALSE,,8,2017-10B2-1-2,584824,4866046,01:10,Alec Wong
357,Slug,Arionidae,Arion,subfuscus,8/6/2017,FALSE,,8,2017-10B2-T3,584251.13,4866071,01:10,Alec Wong
358,Slug,Arionidae,Arion,subfuscus,8/6/2017,FALSE,,8,2017-10B2-T3,584251.13,4866071,01:10,Alec Wong
359,Slug,Arionidae,Arion,subfuscus,8/6/2017,TRUE,,8,2017-10B3-1-2,578994,4865649,01:10,Alec Wong
360,Slug,Arionidae,Arion,subfuscus,8/6/2017,TRUE,,8,2017-10B3-1-2,578994,4865649,01:10,Alec Wong
361,Slug,Arionidae,Arion,subfuscus,8/6/2017,FALSE,,8,2017-10B3-1-2,578994,4865649,01:10,Alec Wong
362,Slug,Arionidae,Arion,subfuscus,8/6/2017,FALSE,,8,2017-10B3-1-2,578994,4865649,01:10,Alec Wong
363,Slug,Arionidae,Arion,subfuscus,8/6/2017,FALSE,,8,2017-10B3-1-2,578994,4865649,01:10,Alec Wong
364,Slug,Arionidae,Arion,subfuscus,8/6/2017,TRUE,,8,2017-10B3-1-2,578994,4865649,01:10,Alec Wong
365,Slug,Arionidae,Arion,subfuscus,8/6/2017,FALSE,,13,2017-10B3-1-2,578994,4865649,01:10,Alec Wong
366,Slug,Arionidae,Arion,subfuscus,8/6/2017,FALSE,,13,2017-10B3-1-2,578994,4865649,01:10,Alec Wong
367,Slug,Arionidae,Arion,subfuscus,8/6/2017,FALSE,,13,2017-10B3-1-2,578994,4865649,01:10,Alec Wong
368,Slug,Arionidae,Arion,subfuscus,8/6/2017,FALSE,,9,2017-10B3-T2-1,578621.44,4865361,01:10,Alec Wong
369,Slug,Arionidae,Arion,subfuscus,8/5/2017,FALSE,,13,2017-12A1-1-1,590961,4955091,01:10,Alec Wong
370,Slug,Arionidae,Arion,subfuscus,8/6/2017,FALSE,,13,2017-10B3-2,578525,4865403,01:10,Alec Wong
371,Slug,Arionidae,Arion,subfuscus,8/6/2017,FALSE,,8,2017-10B3-2,578525,4865403,01:10,Alec Wong
372,Slug,Arionidae,Arion,subfuscus,8/6/2017,FALSE,,8,2017-10B3-2,578525,4865403,01:10,Alec Wong
373,Slug,Arionidae,Arion,subfuscus,8/5/2017,FALSE,,8,2017-12A5-T3,586367.25,4956069,01:10,Alec Wong
374,Slug,Arionidae,Arion,subfuscus,8/5/2017,FALSE,,8,2017-12A1-3-1,590484,4954717,01:10,Alec Wong
375,Slug,Arionidae,Arion,subfuscus,8/6/2017,FALSE,,8,2017-10B2-3,584303.81,4866156,01:10,Alec Wong
376,Slug,Arionidae,Arion,subfuscus,8/6/2017,FALSE,,8,2017-10B3-T2-1,578621.44,4865361,01:10,Alec Wong
377,Slug,Arionidae,Arion,subfuscus,8/6/2017,FALSE,,8,2017-10B2-T3,584251.13,4866071,01:10,Alec Wong
378,Slug,Arionidae,Arion,subfuscus,8/6/2017,FALSE,,8,2017-10B2-T3,584251.13,4866071,01:10,Alec Wong
379,Slug,Arionidae,Arion,subfuscus,8/6/2017,FALSE,,8,2017-10B2-T3,584251.13,4866071,01:10,Alec Wong
380,Slug,Arionidae,Arion,subfuscus,8/6/2017,FALSE,,8,2017-10B2-T2-1,584499.88,4865621,01:10,Alec Wong
381,Slug,Arionidae,Arion,subfuscus,8/6/2017,FALSE,,8,2017-10B2-T2-1,584499.88,4865621,01:10,Alec Wong
382,Slug,Arionidae,Arion,subfuscus,7/22/2017,FALSE,,13,2017-9A1-2-2,569930,4848086,01:10,Alec Wong
383,Slug,Arionidae,Arion,subfuscus,7/22/2017,FALSE,,13,2017-9A1-2-2,569930,4848086,01:10,Alec Wong
384,Slug,Arionidae,Arion,subfuscus,7/22/2017,FALSE,,13,2017-9A1-2-2,569930,4848086,01:10,Alec Wong
385,Slug,Arionidae,Arion,subfuscus,7/22/2017,FALSE,,13,2017-9A1-2-2,569930,4848086,01:10,Alec Wong
386,Slug,Arionidae,Arion,subfuscus,7/23/2017,FALSE,,20,2017-12B3-2,582820,4945219,01:10,Alec Wong
387,Slug,Arionidae,Arion,subfuscus,7/22/2017,FALSE,,13,2017-10B4-1,579333,4863199,01:10,Alec Wong
388,Slug,Arionidae,Arion,subfuscus,7/22/2017,FALSE,,13,2017-10B4-1,579333,4863199,01:10,Alec Wong
389,Slug,Arionidae,Arion,subfuscus,7/22/2017,FALSE,,13,2017-10B4-1,579333,4863199,01:10,Alec Wong
390,Slug,Arionidae,Arion,subfuscus,7/22/2017,FALSE,,13,2017-10B4-1,579333,4863199,01:10,Alec Wong
391,Slug,Arionidae,Arion,subfuscus,7/22/2017,FALSE,,13,2017-10B4-1,579333,4863199,01:10,Alec Wong
392,Slug,Arionidae,Arion,subfuscus,7/22/2017,FALSE,,13,2017-10B4-1,579333,4863199,01:10,Alec Wong
393,Slug,Arionidae,Arion,subfuscus,7/22/2017,FALSE,,13,2017-10B4-1,579333,4863199,01:10,Alec Wong
394,Slug,Arionidae,Arion,subfuscus,7/22/2017,FALSE,,13,2017-10B4-1,579333,4863199,01:10,Alec Wong
395,Slug,Arionidae,Arion,subfuscus,7/22/2017,FALSE,,13,2017-10B4-1,579333,4863199,01:10,Alec Wong
396,Slug,Arionidae,Arion,subfuscus,7/22/2017,FALSE,,13,2017-10B4-1,579333,4863199,01:10,Alec Wong
397,Slug,Arionidae,Arion,subfuscus,7/22/2017,FALSE,,13,2017-10B4-1,579333,4863199,01:10,Alec Wong
398,Slug,Arionidae,Arion,subfuscus,7/25/2017,FALSE,,13,2017-10B4-1,579333,4863199,01:10,Alec Wong
399,Slug,Arionidae,Arion,subfuscus,7/25/2017,FALSE,,13,2017-10B4-1,579333,4863199,01:10,Alec Wong
400,Slug,Arionidae,Arion,subfuscus,7/25/2017,FALSE,,13,2017-10B4-1,579333,4863199,01:10,Alec Wong
401,Slug,Arionidae,Arion,subfuscus,7/25/2017,TRUE,,13,2017-10B4-1,579333,4863199,01:10,Alec Wong
402,Slug,Arionidae,Arion,subfuscus,7/25/2017,FALSE,,13,2017-10B4-1,579333,4863199,01:10,Alec Wong
403,Slug,Arionidae,Arion,subfuscus,7/25/2017,FALSE,,13,2017-10B4-1,579333,4863199,01:10,Alec Wong
404,Slug,Arionidae,Arion,subfuscus,7/25/2017,TRUE,,13,2017-10B4-1,579333,4863199,01:10,Alec Wong
405,Slug,Arionidae,Arion,subfuscus,7/25/2017,TRUE,,13,2017-10B4-1,579333,4863199,01:10,Alec Wong
406,Slug,Arionidae,Arion,subfuscus,7/25/2017,FALSE,,13,2017-10B4-1,579333,4863199,01:10,Alec Wong
407,Slug,Arionidae,Arion,subfuscus,7/25/2017,FALSE,,13,2017-10B4-1,579333,4863199,01:10,Alec Wong
408,Slug,Arionidae,Arion,subfuscus,7/25/2017,FALSE,,13,2017-10B4-1,579333,4863199,01:10,Alec Wong
409,Slug,Arionidae,Arion,subfuscus,7/25/2017,FALSE,,13,2017-10B4-1,579333,4863199,01:10,Alec Wong
410,Slug,Arionidae,Arion,subfuscus,7/23/2017,FALSE,,14,2017-12B2-3-1,584097,4943412,01:10,Alec Wong
411,Slug,Arionidae,Arion,subfuscus,7/23/2017,FALSE,,14,2017-12B2-3-1,584097,4943412,01:10,Alec Wong
412,Slug,Arionidae,Arion,subfuscus,7/23/2017,FALSE,,14,2017-12B2-3-1,584097,4943412,01:10,Alec Wong
413,Slug,Arionidae,Arion,subfuscus,7/23/2017,FALSE,,14,2017-12B2-3,584085,4943392,01:10,Alec Wong
414,Slug,Arionidae,Arion,subfuscus,7/23/2017,FALSE,,14,2017-12B2-3-2,584084,4943370,01:10,Alec Wong
415,Slug,Arionidae,Arion,subfuscus,7/30/2017,FALSE,,14,2017-12B2-2,583709,4943716,01:10,Alec Wong
416,Slug,Arionidae,Arion,subfuscus,7/30/2017,FALSE,,14,2017-12B2-1-1,584229,4944001,01:10,Alec Wong
417,Slug,Arionidae,Arion,subfuscus,7/30/2017,FALSE,,14,2017-12B3-2,582820,4945219,01:10,Alec Wong
418,Slug,Arionidae,Arion,subfuscus,7/30/2017,FALSE,,14,2017-12B3-2-2,582832,4945198,01:10,Alec Wong
419,Slug,Arionidae,Arion,subfuscus,7/29/2017,FALSE,,14,2017-10B4-3-1,578954,4863549,01:10,Alec Wong
420,Slug,Arionidae,Arion,subfuscus,7/29/2017,FALSE,,14,2017-10B4-2-1,579446,4863662,01:10,Alec Wong
421,Slug,Arionidae,Arion,subfuscus,7/22/2017,FALSE,,14,2017-10B4-3-2,578957,4863596,01:10,Alec Wong
422,Slug,Arionidae,Arion,subfuscus,7/30/2017,FALSE,,14,2017-12B3-1-2,583227,4945477,01:10,Alec Wong
423,Slug,Arionidae,Arion,subfuscus,7/30/2017,TRUE,,14,2017-12B3-1-2,583227,4945477,01:10,Alec Wong
424,Slug,Arionidae,Arion,subfuscus,7/29/2017,FALSE,,14,2017-10B4-1,579333,4863199,01:10,Alec Wong
425,Slug,Arionidae,Arion,subfuscus,7/29/2017,FALSE,,14,2017-10B4-1,579333,4863199,01:10,Alec Wong
426,Slug,Arionidae,Arion,subfuscus,7/29/2017,FALSE,,14,2017-10B4-1,579333,4863199,01:10,Alec Wong
427,Slug,Arionidae,Arion,subfuscus,7/29/2017,FALSE,,14,2017-9A1-2,569939.19,4848066.5,01:10,Alec Wong
428,Slug,Arionidae,Arion,subfuscus,7/30/2017,FALSE,,14,2017-12B3-3,582664.25,4945734,01:10,Alec Wong
429,Slug,Arionidae,Arion,subfuscus,7/30/2017,FALSE,,14,2017-12B3-3,582664.25,4945734,01:10,Alec Wong
430,Slug,Arionidae,Arion,subfuscus,7/26/2017,FALSE,,14,2017-12B2-1-2,584248,4943952,01:10,Alec Wong
431,Slug,Arionidae,Arion,subfuscus,7/26/2017,FALSE,,14,2017-12B2-1-2,584248,4943952,01:10,Alec Wong
432,Slug,Arionidae,Arion,subfuscus,7/22/2017,FALSE,,14,2017-10B4-3,578949.69,4863570,01:10,Alec Wong
433,Slug,Arionidae,Arion,subfuscus,7/22/2017,FALSE,,14,2017-10B4-3,578949.69,4863570,01:10,Alec Wong
434,Slug,Arionidae,Arion,subfuscus,7/22/2017,FALSE,,14,2017-10B4-3,578949.69,4863570,01:10,Alec Wong
435,Slug,Arionidae,Arion,subfuscus,7/22/2017,FALSE,,14,2017-10B4-2-2,579405,4863679,01:10,Alec Wong
436,Slug,Arionidae,Arion,subfuscus,7/22/2017,FALSE,,14,2017-10B4-2-2,579405,4863679,01:10,Alec Wong
437,Slug,Arionidae,Arion,subfuscus,7/22/2017,FALSE,,14,2017-10B4-2-2,579405,4863679,01:10,Alec Wong
438,Slug,Arionidae,Arion,subfuscus,7/22/2017,FALSE,,14,2017-10B4-2-1,579446,4863662,01:10,Alec Wong
439,Slug,Arionidae,Arion,subfuscus,7/22/2017,FALSE,,14,2017-10B4-2-1,579446,4863662,01:10,Alec Wong
440,Slug,Arionidae,Arion,subfuscus,7/22/2017,FALSE,,14,2017-10B4-2-1,579446,4863662,01:10,Alec Wong
441,Slug,Arionidae,Arion,subfuscus,7/22/2017,FALSE,,14,2017-10B4-2,579424.88,4863675,01:10,Alec Wong
442,Slug,Arionidae,Arion,subfuscus,7/22/2017,TRUE,,14,2017-10B4-2,579424.88,4863675,01:10,Alec Wong
443,Slug,Arionidae,Arion,subfuscus,7/22/2017,FALSE,,14,2017-10B4-2,579424.88,4863675,01:10,Alec Wong
444,Slug,Arionidae,Arion,subfuscus,7/22/2017,TRUE,,14,2017-10B4-2,579424.88,4863675,01:10,Alec Wong
445,Slug,Arionidae,Arion,subfuscus,7/22/2017,FALSE,,14,2017-10B4-2,579424.88,4863675,01:10,Alec Wong
446,Slug,Arionidae,Arion,subfuscus,7/22/2017,FALSE,,14,2017-10B4-2,579424.88,4863675,01:10,Alec Wong
447,Slug,Arionidae,Arion,subfuscus,7/22/2017,TRUE,,14,2017-10B4-2,579424.88,4863675,01:10,Alec Wong
448,Slug,Arionidae,Arion,subfuscus,7/22/2017,FALSE,,14,2017-10B4-2,579424.88,4863675,01:10,Alec Wong
449,Slug,Arionidae,Arion,subfuscus,7/22/2017,FALSE,,14,2017-10B4-2,579424.88,4863675,01:10,Alec Wong
450,Slug,Arionidae,Arion,subfuscus,7/22/2017,FALSE,,14,2017-10B4-1-1,579317,4863173,01:10,Alec Wong
451,Slug,Arionidae,Arion,subfuscus,7/22/2017,FALSE,,14,2017-10B4-1-1,579317,4863173,01:10,Alec Wong
452,Slug,Arionidae,Arion,subfuscus,7/22/2017,FALSE,,14,2017-10B4-1-1,579317,4863173,01:10,Alec Wong
453,Slug,Arionidae,Arion,subfuscus,7/22/2017,FALSE,,14,2017-10B4-1-1,579317,4863173,01:10,Alec Wong
454,Slug,Arionidae,Arion,subfuscus,7/23/2017,FALSE,,14,2017-12B3-3,582664.25,4945734,01:10,Alec Wong
455,Slug,Arionidae,Arion,subfuscus,7/23/2017,FALSE,,14,2017-12B3-3,582664.25,4945734,01:10,Alec Wong
456,Slug,Arionidae,Arion,subfuscus,7/23/2017,FALSE,,15,2017-12B3-3,582664.25,4945734,01:10,Alec Wong
457,Slug,Arionidae,Arion,subfuscus,7/29/2017,FALSE,,15,2017-10B4-3,578949.69,4863570,01:10,Alec Wong
458,Slug,Arionidae,Arion,subfuscus,7/29/2017,FALSE,,15,2017-10B4-3,578949.69,4863570,01:10,Alec Wong
459,Slug,Arionidae,Arion,subfuscus,7/29/2017,FALSE,,15,2017-10B4-3,578949.69,4863570,01:10,Alec Wong
460,Slug,Arionidae,Arion,subfuscus,7/29/2017,FALSE,,15,2017-10B4-2,579424.88,4863675,01:10,Alec Wong
461,Slug,Arionidae,Arion,subfuscus,7/29/2017,FALSE,,15,2017-10B4-2,579424.88,4863675,01:10,Alec Wong
462,Slug,Arionidae,Arion,subfuscus,7/29/2017,FALSE,,15,2017-10B4-2,579424.88,4863675,01:10,Alec Wong
463,Slug,Arionidae,Arion,subfuscus,7/29/2017,TRUE,,15,2017-10B4-2,579424.88,4863675,01:10,Alec Wong
464,Slug,Arionidae,Arion,subfuscus,7/29/2017,FALSE,,15,2017-10B4-1-2,579317,4863173,01:10,Alec Wong
465,Slug,Arionidae,Arion,subfuscus,7/29/2017,FALSE,,15,2017-10B4-1-2,579317,4863173,01:10,Alec Wong
466,Slug,Arionidae,Arion,subfuscus,7/29/2017,FALSE,,15,2017-10B4-1-2,579317,4863173,01:10,Alec Wong
467,Slug,Arionidae,Arion,subfuscus,7/26/2017,FALSE,,15,2017-12B3-1,583248,4945490,01:10,Alec Wong
468,Slug,Arionidae,Arion,subfuscus,7/26/2017,FALSE,,15,2017-12B3-1,583248,4945490,01:10,Alec Wong
469,Slug,Arionidae,Arion,subfuscus,7/26/2017,FALSE,,15,2017-12B3-1,583248,4945490,01:10,Alec Wong
470,Slug,Arionidae,Arion,subfuscus,7/26/2017,FALSE,,15,2017-12B3-1,583248,4945490,01:10,Alec Wong
471,Slug,Arionidae,Arion,subfuscus,7/26/2017,FALSE,,15,2017-12B3-1,583248,4945490,01:10,Alec Wong
472,Slug,Arionidae,Arion,subfuscus,7/26/2017,FALSE,,15,2017-12B3-1,583248,4945490,01:10,Alec Wong
473,Slug,Arionidae,Arion,subfuscus,7/26/2017,FALSE,,15,2017-12B3-1,583248,4945490,01:10,Alec Wong
474,Slug,Arionidae,Arion,subfuscus,7/26/2017,FALSE,,15,2017-12B3-1,583248,4945490,01:10,Alec Wong
475,Slug,Arionidae,Arion,subfuscus,8/6/2017,FALSE,,15,2017-10B3-T1,578995.88,4865573.5,01:10,Alec Wong
476,Slug,Arionidae,Arion,subfuscus,8/6/2017,FALSE,,10,2017-10B3-T1,578995.88,4865573.5,01:10,Alec Wong
477,Slug,Arionidae,Arion,subfuscus,8/6/2017,FALSE,,10,2017-10B3-T1,578995.88,4865573.5,01:10,Alec Wong
478,Slug,Arionidae,Arion,subfuscus,8/6/2017,FALSE,,10,2017-10B3-T1,578995.88,4865573.5,01:10,Alec Wong
479,Slug,Arionidae,Arion,subfuscus,8/6/2017,FALSE,,10,2017-10B3-T2-1,578621.44,4865361,01:10,Alec Wong
480,Slug,Arionidae,Arion,subfuscus,8/6/2017,FALSE,,10,2017-10B3-T2-1,578621.44,4865361,01:10,Alec Wong
481,Slug,Arionidae,Arion,subfuscus,8/6/2017,FALSE,,10,2017-10B2-T3,584251.13,4866071,01:10,Alec Wong
482,Slug,Arionidae,Arion,subfuscus,8/6/2017,FALSE,,10,2017-10B2-T3,584251.13,4866071,01:10,Alec Wong
483,Slug,Arionidae,Arion,subfuscus,8/6/2017,FALSE,,10,2017-10B2-T3,584251.13,4866071,01:10,Alec Wong
484,Slug,Arionidae,Arion,subfuscus,8/6/2017,FALSE,,10,2017-10B3-2-2,578516,4865427,01:10,Alec Wong
485,Slug,Arionidae,Arion,subfuscus,8/6/2017,FALSE,,10,2017-10B3-2-2,578516,4865427,01:10,Alec Wong
486,Slug,Arionidae,Arion,subfuscus,8/6/2017,FALSE,,10,2017-10B3-T2-1,578621.44,4865361,01:10,Alec Wong
487,Slug,Arionidae,Arion,subfuscus,8/6/2017,FALSE,,15,2017-10B3-T2-1,578621.44,4865361,01:10,Alec Wong
488,Slug,Arionidae,Arion,subfuscus,8/6/2017,FALSE,,15,2017-10B3-3,578476,4865944,01:10,Alec Wong
489,Slug,Arionidae,Arion,subfuscus,8/6/2017,FALSE,,15,2017-10B3-3,578476,4865944,01:10,Alec Wong
490,Slug,Arionidae,Arion,subfuscus,8/8/2017,FALSE,,15,2017-12A1-T3,590508.5,4954635,01:10,Alec Wong
491,Slug,Arionidae,Arion,subfuscus,8/8/2017,FALSE,,15,2017-12A1-T3,590508.5,4954635,01:10,Alec Wong
492,Slug,Arionidae,Arion,subfuscus,8/8/2017,FALSE,,15,2017-12A5-T1,586862,4956422.5,01:10,Alec Wong
493,Slug,Arionidae,Arion,subfuscus,8/8/2017,FALSE,,15,2017-12A5-T1,586862,4956422.5,01:10,Alec Wong
494,Slug,Arionidae,Arion,subfuscus,8/8/2017,FALSE,,15,2017-12A5-T1,586862,4956422.5,01:10,Alec Wong
495,Slug,Arionidae,Arion,subfuscus,8/8/2017,FALSE,,15,2017-12A5-T1,586862,4956422.5,01:10,Alec Wong
496,Slug,Arionidae,Arion,subfuscus,8/11/2017,FALSE,,15,2017-12A1-T3,590508.5,4954635,01:10,Alec Wong
497,Slug,Arionidae,Arion,subfuscus,8/11/2017,FALSE,,15,2017-12A1-T3,590508.5,4954635,01:10,Alec Wong
498,Slug,Arionidae,Arion,subfuscus,8/11/2017,FALSE,,15,2017-12A1-T3,590508.5,4954635,01:10,Alec Wong
499,Slug,Arionidae,Arion,subfuscus,8/11/2017,FALSE,,15,2017-12A1-T3,590508.5,4954635,01:10,Alec Wong
500,Slug,Arionidae,Arion,subfuscus,8/11/2017,FALSE,,15,2017-12A1-T3,590508.5,4954635,01:10,Alec Wong
501,Slug,Arionidae,Arion,subfuscus,8/11/2017,FALSE,,15,2017-12A1-T3,590508.5,4954635,01:10,Alec Wong
502,Slug,Arionidae,Arion,subfuscus,8/11/2017,FALSE,,15,2017-12A5-T1,586862,4956422.5,01:10,Alec Wong
503,Slug,Arionidae,Arion,subfuscus,8/11/2017,FALSE,,15,2017-12A5-T1,586862,4956422.5,01:10,Alec Wong
504,Slug,Arionidae,Arion,subfuscus,8/11/2017,FALSE,,15,2017-12A5-T3,586367.25,4956069,01:10,Alec Wong
505,Slug,Arionidae,Arion,subfuscus,8/11/2017,FALSE,,15,2017-12A5-T3,586367.25,4956069,01:10,Alec Wong
506,Slug,Arionidae,Arion,subfuscus,8/11/2017,FALSE,,15,2017-12A5-T3,586367.25,4956069,01:10,Alec Wong
507,Slug,Arionidae,Arion,subfuscus,8/11/2017,FALSE,,15,2017-12A5-T3,586367.25,4956069,01:10,Alec Wong
508,Slug,Arionidae,Arion,subfuscus,8/11/2017,FALSE,,15,2017-12A5-T3,586367.25,4956069,01:10,Alec Wong
509,Slug,Arionidae,Arion,subfuscus,8/11/2017,FALSE,,15,2017-12A5-T3,586367.25,4956069,01:10,Alec Wong
510,Slug,Arionidae,Arion,subfuscus,8/11/2017,FALSE,,15,2017-12A5-2,586270,4956550,01:10,Alec Wong
511,Slug,Arionidae,Arion,subfuscus,8/11/2017,FALSE,,15,2017-12A5-2,586270,4956550,01:10,Alec Wong
512,Slug,Arionidae,Arion,subfuscus,8/11/2017,FALSE,,15,2017-12A5-2,586270,4956550,01:10,Alec Wong
513,Slug,Arionidae,Arion,subfuscus,8/11/2017,FALSE,,16,2017-12A1-T1,590891,4955118,01:10,Alec Wong
514,Slug,Arionidae,Arion,subfuscus,8/11/2017,FALSE,,16,2017-12A1-T1,590891,4955118,01:10,Alec Wong
515,Slug,Arionidae,Arion,subfuscus,8/9/2017,FALSE,,16,2017-10B2-2,584403.63,4865648,01:10,Alec Wong
516,Slug,Arionidae,Arion,subfuscus,8/9/2017,FALSE,,16,2017-10B2-2,584403.63,4865648,01:10,Alec Wong
517,Slug,Arionidae,Arion,subfuscus,8/9/2017,FALSE,,16,2017-10B2-1,584821,4866071,01:10,Alec Wong
518,Slug,Arionidae,Arion,subfuscus,8/9/2017,FALSE,,16,2017-10B2-1,584821,4866071,01:10,Alec Wong
519,Slug,Arionidae,Arion,subfuscus,8/9/2017,FALSE,,16,2017-10B2-1,584821,4866071,01:10,Alec Wong
520,Slug,Arionidae,Arion,subfuscus,8/9/2017,FALSE,,16,2017-10B2-1,584821,4866071,01:10,Alec Wong
521,Slug,Arionidae,Arion,subfuscus,8/9/2017,FALSE,,16,2017-10B2-1,584821,4866071,01:10,Alec Wong
522,Slug,Arionidae,Arion,subfuscus,8/9/2017,FALSE,,16,2017-10B2-1,584821,4866071,01:10,Alec Wong
523,Slug,Arionidae,Arion,subfuscus,8/9/2017,FALSE,,16,2017-10B2-1,584821,4866071,01:10,Alec Wong
524,Slug,Arionidae,Arion,subfuscus,8/9/2017,FALSE,,16,2017-10B2-1-1,584820,4866093,01:10,Alec Wong
525,Slug,Arionidae,Arion,subfuscus,8/9/2017,FALSE,,16,2017-10B2-1-1,584820,4866093,01:10,Alec Wong
526,Slug,Arionidae,Arion,subfuscus,8/9/2017,FALSE,,16,2017-10B2-1-1,584820,4866093,01:10,Alec Wong
527,Slug,Arionidae,Arion,subfuscus,8/9/2017,FALSE,,16,2017-10B2-1-1,584820,4866093,01:10,Alec Wong
528,Slug,Philomycidae,Pallifera,dorsalis,8/6/2017,FALSE,,16,2017-10B2-3,584303.81,4866156,01:10,Alec Wong
529,Slug,Philomycidae,Pallifera,dorsalis,8/6/2017,FALSE,,16,2017-10B2-3,584303.81,4866156,01:10,Alec Wong
530,Slug,Philomycidae,Philomycus,carolinianus,8/12/2017,FALSE,,16,2017-10B2-3,584303.81,4866156,01:10,Alec Wong
531,Slug,Arionidae,Arion,subfuscus,8/8/2017,FALSE,,16,2017-12A1-T1,590891,4955118,01:10,Alec Wong
532,Slug,Philomycidae,Pallifera,dorsalis,8/8/2017,FALSE,,16,2017-12A1-T1,590891,4955118,01:10,Alec Wong
533,Slug,Philomycidae,Philomycus,carolinianus,8/9/2017,FALSE,,16,2017-10B2-3,584303.81,4866156,01:10,Alec Wong
534,Slug,Philomycidae,Philomycus,carolinianus,8/11/2017,FALSE,,16,2017-12A1-T2,591040.44,4954664,01:10,Alec Wong
535,Slug,Philomycidae,Philomycus,carolinianus,8/11/2017,FALSE,,16,2017-12A1-T2,591040.44,4954664,01:10,Alec Wong
536,Slug,Philomycidae,Philomycus,carolinianus,8/11/2017,FALSE,,16,2017-12A1-T2,591040.44,4954664,01:10,Alec Wong
537,Slug,Arionidae,Arion,fasciatus,8/6/2017,FALSE,,9,2017-10B2-T1,584808.25,4865971.5,01:10,Alec Wong
538,Slug,Philomycidae,Philomycus,carolinianus,8/6/2017,FALSE,,9,2017-10B3-T1,578995.88,4865573.5,01:10,Alec Wong
539,Slug,Philomycidae,Pallifera,dorsalis,8/8/2017,FALSE,,9,2017-12A1-T1,590891,4955118,01:10,Alec Wong
540,Slug,Philomycidae,Philomycus,carolinianus,8/6/2017,FALSE,,9,2017-10B3-T1,578995.88,4865573.5,01:10,Alec Wong
541,Slug,Philomycidae,Pallifera,dorsalis,8/9/2017,FALSE,,9,2017-10B2-3,584303.81,4866156,01:10,Alec Wong
542,Slug,Philomycidae,Pallifera,dorsalis,8/9/2017,FALSE,,9,2017-10B2-3,584303.81,4866156,01:10,Alec Wong
543,Slug,Philomycidae,Pallifera,unknown,8/6/2017,FALSE,,9,2017-10B3-T1,578995.88,4865573.5,01:10,Alec Wong
544,Slug,Arionidae,Arion,subfuscus,8/6/2017,FALSE,,9,2017-10B3-T1,578995.88,4865573.5,01:10,Alec Wong
545,Slug,Arionidae,Arion,subfuscus,8/8/2017,FALSE,,9,2017-12A5-T2-1,586337.81,4956633.5,01:10,Alec Wong
546,Slug,Arionidae,Arion,subfuscus,8/8/2017,FALSE,,9,2017-12A5-T2-1,586337.81,4956633.5,01:10,Alec Wong
547,Slug,Arionidae,Arion,subfuscus,8/8/2017,FALSE,,9,2017-12A5-T2-1,586337.81,4956633.5,01:10,Alec Wong
548,Slug,Philomycidae,Pallifera,dorsalis,8/8/2017,FALSE,,9,2017-12A5-T2-1,586337.81,4956633.5,01:10,Alec Wong
549,Slug,Philomycidae,Pallifera,dorsalis,7/30/2017,FALSE,,9,2017-10B2-3,584303.81,4866156,01:10,Alec Wong
550,Slug,Philomycidae,Pallifera,dorsalis,7/30/2017,FALSE,,9,2017-10B2-3,584303.81,4866156,01:10,Alec Wong
551,Slug,Philomycidae,Pallifera,dorsalis,7/30/2017,FALSE,,9,2017-10B2-3,584303.81,4866156,01:10,Alec Wong
552,Slug,Philomycidae,Pallifera,dorsalis,8/12/2017,FALSE,,9,2017-10B3-T2-1,578621.44,4865361,01:10,Alec Wong
553,Slug,Philomycidae,Pallifera,dorsalis,8/12/2017,FALSE,,9,2017-10B3-T2-1,578621.44,4865361,01:10,Alec Wong
554,Slug,Philomycidae,Pallifera,dorsalis,8/12/2017,FALSE,,9,2017-10B3-T2-1,578621.44,4865361,01:10,Alec Wong
555,Slug,Philomycidae,Pallifera,dorsalis,8/6/2017,FALSE,,9,2017-10B3-T3,578395,4865877.5,01:10,Alec Wong
556,Slug,Philomycidae,Philomycus,unknown,8/6/2017,FALSE,,9,2017-10B3-T1,578995.88,4865573.5,01:10,Alec Wong
557,Slug,Philomycidae,Pallifera,dorsalis,8/6/2017,FALSE,,9,2017-10B3-3,578476,4865944,01:10,Alec Wong
558,Slug,Philomycidae,Pallifera,dorsalis,8/6/2017,FALSE,,10,2017-10B2-3,584303.81,4866156,01:10,Alec Wong
559,Slug,Philomycidae,Pallifera,dorsalis,8/11/2017,FALSE,,10,2017-12A5-T1,586862,4956422.5,01:10,Alec Wong
560,Slug,Philomycidae,Pallifera,dorsalis,8/11/2017,FALSE,,10,2017-12A5-T2-1,586337.81,4956633.5,01:10,Alec Wong
561,Slug,Philomycidae,Pallifera,dorsalis,8/12/2017,FALSE,,16,2017-10B3-1,579004,4865680,01:10,Alec Wong
562,Slug,Philomycidae,Philomycus,carolinianus,8/12/2017,FALSE,,16,2017-10B3-T1,578995.88,4865573.5,01:10,Alec Wong
563,Slug,Philomycidae,Pallifera,dorsalis,8/9/2017,FALSE,,16,2017-10B2-2-2,584426,4865635,01:10,Alec Wong
564,Slug,Philomycidae,Pallifera,dorsalis,8/9/2017,FALSE,,16,2017-10B3-1-2,578994,4865649,01:10,Alec Wong
565,Slug,Philomycidae,Pallifera,dorsalis,8/5/2017,FALSE,,16,2017-12A5-1-2,586821,4956492,01:10,Alec Wong
566,Slug,Philomycidae,Pallifera,dorsalis,8/6/2017,FALSE,,16,2017-10B2-1-2,584824,4866046,01:10,Alec Wong
567,Slug,Philomycidae,Pallifera,dorsalis,8/6/2017,FALSE,,16,2017-10B2-1-2,584824,4866046,01:10,Alec Wong
568,Slug,Philomycidae,Pallifera,dorsalis,8/6/2017,FALSE,,16,2017-10B2-1-2,584824,4866046,01:10,Alec Wong
569,Slug,Philomycidae,Pallifera,dorsalis,8/8/2017,FALSE,,16,2017-12A5-1,586805,4956509,01:10,Alec Wong
570,Slug,Philomycidae,Pallifera,dorsalis,8/5/2017,FALSE,,16,2017-12A1-2-1,590950,4954587,01:10,Alec Wong
571,Snail,Zonitidae,Paravitrea,unknown,8/11/2017,FALSE,,16,2017-12A1-T2,591040.44,4954664,01:10,Alec Wong
572,Slug,Philomycidae,Pallifera,dorsalis,8/9/2017,FALSE,,16,2017-10B2-1,584821,4866071,01:10,Alec Wong
573,Slug,Agriolimacidae,Deroceras,unknown,8/5/2017,FALSE,,16,2017-12A5-3-1,586497,4956039,01:10,Alec Wong
574,Slug,Agriolimacidae,deroceras,unknown,8/6/2017,FALSE,,16,2017-10B3-1-1,579001,4865688,01:10,Alec Wong
575,Slug,Philomycidae,Pallifera,dorsalis,8/6/2017,FALSE,,16,2017-10B2-3-1,584303.81,4866156,01:10,Alec Wong
576,Slug,Philomycidae,Pallifera,dorsalis,8/6/2017,FALSE,,16,2017-10B3-1,579004,4865680,01:10,Alec Wong
577,Slug,Philomycidae,Pallifera,dorsalis,8/6/2017,FALSE,,16,2017-10B3-1,579004,4865680,01:10,Alec Wong
578,Slug,Arionidae,Arion,subfuscus,8/6/2017,TRUE,,16,2017-10B2-T1,584808.25,4865971.5,01:10,Alec Wong
579,Slug,Arionidae,Arion,subfuscus,8/5/2017,FALSE,,16,2017-12A5-3,586473,4956046,01:10,Alec Wong
580,Slug,Arionidae,Arion,subfuscus,8/8/2017,FALSE,,16,2017-12A5-T1,586862,4956422.5,01:10,Alec Wong
581,Slug,Arionidae,Arion,subfuscus,8/8/2017,FALSE,,16,2017-12A5-T2-1,586337.81,4956633.5,01:10,Alec Wong
582,Slug,Arionidae,Arion,subfuscus,8/8/2017,FALSE,,16,2017-12A5-T1,586862,4956422.5,01:10,Alec Wong
583,Slug,Arionidae,Arion,subfuscus,8/8/2017,FALSE,,17,2017-12A1-T1,590891,4955118,01:10,Alec Wong
584,Slug,Arionidae,Arion,subfuscus,8/6/2017,FALSE,,17,2017-10B2-T1,584808.25,4865971.5,01:10,Alec Wong
585,Slug,Arionidae,Arion,subfuscus,8/12/2017,FALSE,,17,2017-10B2-1,584821,4866071,01:10,Alec Wong
586,Slug,Arionidae,Arion,subfuscus,8/12/2017,FALSE,,17,2017-10B2-1,584821,4866071,01:10,Alec Wong
587,Slug,Arionidae,Arion,subfuscus,8/12/2017,FALSE,,17,2017-10B2-1,584821,4866071,01:10,Alec Wong
588,Slug,Arionidae,Arion,subfuscus,8/12/2017,FALSE,,17,2017-10B2-1,584821,4866071,01:10,Alec Wong
589,Slug,Arionidae,Arion,subfuscus,8/12/2017,FALSE,,17,2017-10B2-1,584821,4866071,01:10,Alec Wong
590,Slug,Arionidae,Arion,subfuscus,8/12/2017,FALSE,,17,2017-10B2-1,584821,4866071,01:10,Alec Wong
591,Slug,Arionidae,Arion,subfuscus,8/12/2017,FALSE,,17,2017-10B2-1,584821,4866071,01:10,Alec Wong
592,Slug,Arionidae,Arion,subfuscus,8/12/2017,FALSE,,17,2017-10B2-1-2,584824,4866046,01:10,Alec Wong
593,Slug,Arionidae,Arion,subfuscus,8/12/2017,FALSE,,17,2017-10B2-1-2,584824,4866046,01:10,Alec Wong
594,Slug,Arionidae,Arion,subfuscus,8/12/2017,FALSE,,17,2017-10B2-1-2,584824,4866046,01:10,Alec Wong
595,Slug,Arionidae,Arion,subfuscus,8/12/2017,TRUE,,17,2017-10B2-2,584403.63,4865648,01:10,Alec Wong
596,Slug,Arionidae,Arion,subfuscus,8/12/2017,FALSE,,17,2017-10B2-2,584403.63,4865648,01:10,Alec Wong
597,Slug,Arionidae,Arion,subfuscus,8/12/2017,FALSE,,17,2017-10B2-2,584403.63,4865648,01:10,Alec Wong
598,Slug,Arionidae,Arion,subfuscus,8/12/2017,FALSE,,17,2017-10B2-3,584303.81,4866156,01:10,Alec Wong
599,Slug,Arionidae,Arion,subfuscus,8/12/2017,TRUE,,17,2017-10B2-3,584303.81,4866156,01:10,Alec Wong
600,Slug,Arionidae,Arion,subfuscus,8/12/2017,FALSE,,17,2017-10B2-3,584303.81,4866156,01:10,Alec Wong
601,Slug,Arionidae,Arion,subfuscus,8/12/2017,FALSE,,17,2017-10B2-3,584303.81,4866156,01:10,Alec Wong
602,Slug,Arionidae,Arion,subfuscus,8/12/2017,FALSE,,17,2017-10B3-1,579004,4865680,01:10,Alec Wong
603,Slug,Arionidae,Arion,subfuscus,8/12/2017,FALSE,,17,2017-10B3-1,579004,4865680,01:10,Alec Wong
604,Slug,Arionidae,Arion,subfuscus,8/12/2017,FALSE,,17,2017-10B2-3-1,584303.81,4866156,01:10,Alec Wong
605,Slug,Arionidae,Arion,subfuscus,8/12/2017,FALSE,,17,2017-10B2-3-1,584303.81,4866156,01:10,Alec Wong
606,Slug,Arionidae,Arion,subfuscus,8/12/2017,FALSE,,17,2017-10B2-3-1,584303.81,4866156,01:10,Alec Wong
607,Slug,Arionidae,Arion,subfuscus,8/12/2017,FALSE,,17,2017-10B2-3-1,584303.81,4866156,01:10,Alec Wong
608,Slug,Arionidae,Arion,subfuscus,8/12/2017,FALSE,,17,2017-10B3-1-1,579001,4865688,01:10,Alec Wong
609,Slug,Arionidae,Arion,subfuscus,8/12/2017,FALSE,,17,2017-10B3-1-1,579001,4865688,01:10,Alec Wong
610,Slug,Arionidae,Arion,subfuscus,8/12/2017,FALSE,,17,2017-10B3-1-2,578994,4865649,01:10,Alec Wong
611,Slug,Arionidae,Arion,subfuscus,8/12/2017,FALSE,,17,2017-10B3-1-2,578994,4865649,01:10,Alec Wong
612,Slug,Arionidae,Arion,subfuscus,8/12/2017,FALSE,,17,2017-10B3-2,578525,4865403,01:10,Alec Wong
613,Slug,Arionidae,Arion,subfuscus,8/12/2017,FALSE,,17,2017-10B3-2,578525,4865403,01:10,Alec Wong
614,Slug,Arionidae,Arion,subfuscus,8/12/2017,TRUE,,17,2017-10B2-T2-1,584499.88,4865621,01:10,Alec Wong
615,Slug,Arionidae,Arion,subfuscus,8/12/2017,FALSE,,17,2017-10B2-T2-1,584499.88,4865621,01:10,Alec Wong
616,Slug,Arionidae,Arion,subfuscus,8/12/2017,FALSE,,17,2017-10B2-T2-1,584499.88,4865621,01:10,Alec Wong
617,Slug,Arionidae,Arion,subfuscus,8/12/2017,FALSE,,17,2017-10B2-T3,584251.13,4866071,01:10,Alec Wong
618,Slug,Arionidae,Arion,subfuscus,8/12/2017,FALSE,,17,2017-10B2-T3,584251.13,4866071,01:10,Alec Wong
619,Slug,Arionidae,Arion,subfuscus,8/12/2017,FALSE,,17,2017-10B3-3,578476,4865944,01:10,Alec Wong
620,Slug,Arionidae,Arion,subfuscus,8/12/2017,FALSE,,17,2017-10B3-3,578476,4865944,01:10,Alec Wong
621,Slug,Arionidae,Arion,subfuscus,8/9/2017,FALSE,,17,2017-10B3-T2-1,578621.44,4865361,01:10,Alec Wong
622,Slug,Arionidae,Arion,subfuscus,8/9/2017,FALSE,,17,2017-10B3-T2-1,578621.44,4865361,01:10,Alec Wong
623,Slug,Arionidae,Arion,subfuscus,8/9/2017,FALSE,,17,2017-10B3-T2-1,578621.44,4865361,01:10,Alec Wong
624,Slug,Arionidae,Arion,subfuscus,8/9/2017,FALSE,,17,2017-10B3-T1,578995.88,4865573.5,01:10,Alec Wong
625,Slug,Arionidae,Arion,subfuscus,8/9/2017,FALSE,,17,2017-10B3-T1,578995.88,4865573.5,01:10,Alec Wong
626,Slug,Arionidae,Arion,subfuscus,8/9/2017,FALSE,,17,2017-10B2-T3,584251.13,4866071,01:10,Alec Wong
627,Slug,Arionidae,Arion,subfuscus,8/9/2017,FALSE,,17,2017-10B2-T3,584251.13,4866071,01:10,Alec Wong
628,Slug,Arionidae,Arion,subfuscus,8/9/2017,FALSE,,17,2017-10B2-T3,584251.13,4866071,01:10,Alec Wong
629,Slug,Arionidae,Arion,subfuscus,8/9/2017,FALSE,,18,2017-10B3-1-2,578994,4865649,01:10,Alec Wong
630,Slug,Arionidae,Arion,subfuscus,8/9/2017,TRUE,,18,2017-10B3-1-2,578994,4865649,01:10,Alec Wong
631,Slug,Arionidae,Arion,subfuscus,8/9/2017,TRUE,,18,2017-10B3-1-2,578994,4865649,01:10,Alec Wong
632,Slug,Arionidae,Arion,subfuscus,8/9/2017,TRUE,,18,2017-10B3-1-2,578994,4865649,01:10,Alec Wong
633,Slug,Arionidae,Arion,subfuscus,8/9/2017,FALSE,,18,2017-10B3-1-2,578994,4865649,01:10,Alec Wong
634,Slug,Arionidae,Arion,subfuscus,8/9/2017,FALSE,,18,2017-10B3-1-1,579001,4865688,01:10,Alec Wong
635,Slug,Arionidae,Arion,subfuscus,8/9/2017,FALSE,,18,2017-10B3-1-1,579001,4865688,01:10,Alec Wong
636,Slug,Arionidae,Arion,subfuscus,8/9/2017,FALSE,,18,2017-10B3-3-1,578461,4865934,01:10,Alec Wong
637,Slug,Arionidae,Arion,subfuscus,8/9/2017,FALSE,,18,2017-10B3-3-1,578461,4865934,01:10,Alec Wong
638,Slug,Arionidae,Arion,subfuscus,8/9/2017,FALSE,,18,2017-10B3-3,578476,4865944,01:10,Alec Wong
639,Slug,Arionidae,Arion,subfuscus,8/9/2017,FALSE,,18,2017-10B3-3,578476,4865944,01:10,Alec Wong
640,Slug,Arionidae,Arion,subfuscus,8/9/2017,TRUE,,18,2017-10B2-3,584303.81,4866156,01:10,Alec Wong
641,Slug,Arionidae,Arion,subfuscus,8/9/2017,FALSE,,18,2017-10B2-3,584303.81,4866156,01:10,Alec Wong
642,Slug,Arionidae,Arion,subfuscus,8/9/2017,FALSE,,18,2017-10B2-3,584303.81,4866156,01:10,Alec Wong
643,Slug,Arionidae,Arion,subfuscus,8/9/2017,FALSE,,18,2017-10B2-3,584303.81,4866156,01:10,Alec Wong
644,Slug,Arionidae,Arion,subfuscus,8/9/2017,FALSE,,18,2017-10B2-3,584303.81,4866156,01:10,Alec Wong
645,Slug,Arionidae,Arion,subfuscus,8/9/2017,FALSE,,18,2017-10B2-3,584303.81,4866156,01:10,Alec Wong
646,Slug,Arionidae,Arion,subfuscus,8/9/2017,FALSE,,18,2017-10B2-3,584303.81,4866156,01:10,Alec Wong
647,Slug,Arionidae,Arion,subfuscus,8/9/2017,FALSE,,18,2017-10B2-3,584303.81,4866156,01:10,Alec Wong
648,Slug,Arionidae,Arion,subfuscus,8/8/2017,FALSE,,18,2017-12A5-T3,586367.25,4956069,01:10,Alec Wong
649,Slug,Arionidae,Arion,subfuscus,8/8/2017,FALSE,,18,2017-12A5-T3,586367.25,4956069,01:10,Alec Wong
650,Slug,Arionidae,Arion,subfuscus,8/6/2017,FALSE,,18,2017-10B2-3,584303.81,4866156,01:10,Alec Wong
651,Slug,Arionidae,Arion,subfuscus,8/6/2017,FALSE,,18,2017-10B2-3,584303.81,4866156,01:10,Alec Wong
652,Slug,Arionidae,Arion,subfuscus,8/6/2017,FALSE,,18,2017-10B2-3,584303.81,4866156,01:10,Alec Wong
653,Slug,Arionidae,Arion,subfuscus,8/6/2017,FALSE,,18,2017-10B2-3,584303.81,4866156,01:10,Alec Wong
654,Slug,Arionidae,Arion,subfuscus,8/6/2017,FALSE,,18,2017-10B2-3,584303.81,4866156,01:10,Alec Wong
657,Slug,Arionidae,Arion,subfuscus,8/6/2017,FALSE,,18,2017-10B2-3,584303.81,4866156,01:10,Alec Wong
658,Slug,Arionidae,Arion,subfuscus,8/6/2017,FALSE,,18,2017-10B2-3,584303.81,4866156,01:10,Alec Wong
659,Slug,Arionidae,Arion,subfuscus,8/5/2017,FALSE,,18,2017-12A5-2-2,586292,4956552,01:10,Alec Wong
660,Slug,Arionidae,Arion,subfuscus,8/5/2017,FALSE,,18,2017-12A5-2-2,586292,4956552,01:10,Alec Wong
661,Slug,Arionidae,Arion,subfuscus,8/5/2017,FALSE,,18,2017-12A5-2-2,586292,4956552,01:10,Alec Wong
662,Slug,Arionidae,Arion,subfuscus,8/5/2017,FALSE,,18,2017-12A5-2-2,586292,4956552,01:10,Alec Wong
663,Slug,Arionidae,Arion,subfuscus,8/5/2017,FALSE,,18,2017-12A5-2-2,586292,4956552,01:10,Alec Wong
664,Slug,Arionidae,Arion,subfuscus,8/6/2017,FALSE,,18,2017-10B2-1,584821,4866071,01:10,Alec Wong
665,Slug,Arionidae,Arion,subfuscus,8/6/2017,FALSE,,18,2017-10B2-1,584821,4866071,01:10,Alec Wong
666,Slug,Arionidae,Arion,subfuscus,8/6/2017,FALSE,,18,2017-10B2-1,584821,4866071,01:10,Alec Wong
667,Slug,Arionidae,Arion,subfuscus,8/6/2017,FALSE,,18,2017-10B3-1,579004,4865680,01:10,Alec Wong
668,Slug,Arionidae,Arion,subfuscus,8/6/2017,FALSE,,18,2017-10B3-1,579004,4865680,01:10,Alec Wong
669,Slug,Arionidae,Arion,subfuscus,8/6/2017,FALSE,,18,2017-10B3-1,579004,4865680,01:10,Alec Wong
670,Slug,Arionidae,Arion,subfuscus,8/6/2017,FALSE,,18,2017-10B3-1,579004,4865680,01:10,Alec Wong
671,Slug,Arionidae,Arion,subfuscus,8/6/2017,FALSE,,18,2017-10B3-1,579004,4865680,01:10,Alec Wong
672,Slug,Arionidae,Arion,subfuscus,8/6/2017,FALSE,,18,2017-10B3-1,579004,4865680,01:10,Alec Wong
673,Slug,Arionidae,Arion,subfuscus,8/6/2017,FALSE,,18,2017-10B3-1,579004,4865680,01:10,Alec Wong
674,Slug,Arionidae,Arion,subfuscus,8/5/2017,FALSE,,18,2017-12A1-3-2,590471,4954758,01:10,Alec Wong
675,Slug,Arionidae,Arion,subfuscus,8/5/2017,FALSE,,18,2017-12A1-3-2,590471,4954758,01:10,Alec Wong
676,Slug,Arionidae,Arion,subfuscus,8/6/2017,FALSE,,18,2017-10B3-2-1,578548,4865392,01:10,Alec Wong
677,Slug,Arionidae,Arion,subfuscus,8/6/2017,FALSE,,19,2017-10B3-2-1,578548,4865392,01:10,Alec Wong
678,Slug,Arionidae,Arion,subfuscus,8/6/2017,FALSE,,19,2017-10B3-2-1,578548,4865392,01:10,Alec Wong
679,Slug,Arionidae,Arion,subfuscus,8/6/2017,FALSE,,19,2017-10B3-2-1,578548,4865392,01:10,Alec Wong
680,Slug,Arionidae,Arion,subfuscus,8/5/2017,FALSE,,19,2017-12A5-3-1,586497,4956039,01:10,Alec Wong
681,Slug,Arionidae,Arion,subfuscus,8/5/2017,FALSE,,19,2017-12A5-3-1,586497,4956039,01:10,Alec Wong
682,Slug,Arionidae,Arion,subfuscus,8/5/2017,FALSE,,19,2017-12A5-3-1,586497,4956039,01:10,Alec Wong
683,Slug,Arionidae,Arion,subfuscus,8/5/2017,FALSE,,19,2017-12A1-2-1,590950,4954587,01:10,Alec Wong
684,Slug,Arionidae,Arion,subfuscus,8/5/2017,FALSE,,19,2017-12A1-2-1,590950,4954587,01:10,Alec Wong
685,Slug,Arionidae,Arion,subfuscus,8/5/2017,FALSE,,19,2017-12A5-3-2,586497,4956039,01:10,Alec Wong
686,Slug,Arionidae,Arion,subfuscus,8/5/2017,FALSE,,19,2017-12A5-3-2,586497,4956039,01:10,Alec Wong
687,Slug,Arionidae,Arion,subfuscus,8/5/2017,FALSE,,19,2017-12A5-3-2,586497,4956039,01:10,Alec Wong
688,Slug,Arionidae,Arion,subfuscus,8/5/2017,FALSE,,19,2017-12A5-3-2,586497,4956039,01:10,Alec Wong
689,Slug,Arionidae,Arion,subfuscus,8/5/2017,FALSE,,19,2017-12A5-3-2,586497,4956039,01:10,Alec Wong
690,Slug,Arionidae,Arion,subfuscus,8/6/2017,FALSE,,19,2017-10B3-3-1,578461,4865934,01:10,Alec Wong
691,Slug,Arionidae,Arion,subfuscus,8/6/2017,TRUE,,19,2017-10B3-3-1,578461,4865934,01:10,Alec Wong
692,Slug,Arionidae,Arion,subfuscus,8/5/2017,FALSE,,19,2017-12A5-1,586805,4956509,01:10,Alec Wong
693,Slug,Arionidae,Arion,subfuscus,8/5/2017,FALSE,,19,2017-12A5-1,586805,4956509,01:10,Alec Wong
694,Slug,Arionidae,Arion,subfuscus,8/5/2017,FALSE,,19,2017-12A5-1,586805,4956509,01:10,Alec Wong
695,Slug,Arionidae,Arion,subfuscus,8/5/2017,FALSE,,19,2017-12A5-1,586805,4956509,01:10,Alec Wong
696,Slug,Arionidae,Arion,subfuscus,8/5/2017,FALSE,,19,2017-12A5-1,586805,4956509,01:10,Alec Wong
697,Slug,Arionidae,Arion,subfuscus,8/5/2017,FALSE,,19,2017-12A5-1,586805,4956509,01:10,Alec Wong
698,Slug,Arionidae,Arion,subfuscus,8/9/2017,FALSE,,19,2017-10B2-3-1,584303.81,4866156,01:10,Alec Wong
699,Slug,Arionidae,Arion,subfuscus,8/9/2017,FALSE,,19,2017-10B2-3-1,584303.81,4866156,01:10,Alec Wong
700,Slug,Arionidae,Arion,subfuscus,8/9/2017,FALSE,,19,2017-10B2-3-1,584303.81,4866156,01:10,Alec Wong
701,Slug,Arionidae,Arion,subfuscus,8/9/2017,FALSE,,19,2017-10B2-3-1,584303.81,4866156,01:10,Alec Wong
702,Slug,Arionidae,Arion,subfuscus,8/5/2017,FALSE,,19,2017-12A1-2,590969,4954601,01:10,Alec Wong
703,Slug,Arionidae,Arion,subfuscus,8/5/2017,FALSE,,19,2017-12A1-2,590969,4954601,01:10,Alec Wong
704,Slug,Arionidae,Arion,subfuscus,8/5/2017,FALSE,,19,2017-12A5-T3,586367.25,4956069,01:10,Alec Wong
705,Slug,Arionidae,Arion,subfuscus,8/6/2017,FALSE,,19,2017-10B2-1-1,584820,4866093,01:10,Alec Wong
706,Slug,Arionidae,Arion,subfuscus,8/6/2017,FALSE,,19,2017-10B2-1-1,584820,4866093,01:10,Alec Wong
707,Slug,Arionidae,Arion,subfuscus,8/6/2017,FALSE,,19,2017-10B2-1-1,584820,4866093,01:10,Alec Wong
708,Slug,Arionidae,Arion,subfuscus,8/5/2017,FALSE,,19,2017-12A5-2-1,586253,4956532,01:10,Alec Wong
709,Slug,Arionidae,Arion,subfuscus,8/5/2017,FALSE,,19,2017-12A5-2-1,586253,4956532,01:10,Alec Wong
710,Slug,Arionidae,Arion,subfuscus,8/5/2017,FALSE,,19,2017-12A5-2-1,586253,4956532,01:10,Alec Wong
711,Slug,Arionidae,Arion,subfuscus,8/5/2017,FALSE,,19,2017-12A5-2-1,586253,4956532,01:10,Alec Wong
712,Slug,Arionidae,Arion,subfuscus,8/5/2017,FALSE,,19,2017-12A5-2-1,586253,4956532,01:10,Alec Wong
713,Slug,Arionidae,Arion,subfuscus,8/8/2017,FALSE,,19,2017-12A5-1,586805,4956509,01:10,Alec Wong
714,Slug,Arionidae,Arion,subfuscus,8/8/2017,FALSE,,19,2017-12A5-1,586805,4956509,01:10,Alec Wong
715,Slug,Arionidae,Arion,subfuscus,8/8/2017,FALSE,,19,2017-12A1-3,590491,4954746,01:10,Alec Wong
716,Slug,Arionidae,Arion,subfuscus,8/8/2017,FALSE,,19,2017-12A1-3,590491,4954746,01:10,Alec Wong
717,Slug,Arionidae,Arion,subfuscus,8/8/2017,FALSE,,19,2017-12A1-3,590491,4954746,01:10,Alec Wong
718,Slug,Arionidae,Arion,subfuscus,8/8/2017,FALSE,,19,2017-12A5-1-1,586802,4956529,01:10,Alec Wong
719,Slug,Arionidae,Arion,subfuscus,8/8/2017,FALSE,,20,2017-12A5-1-1,586802,4956529,01:10,Alec Wong
720,Slug,Arionidae,Arion,subfuscus,8/8/2017,FALSE,,20,2017-12A5-1-1,586802,4956529,01:10,Alec Wong
721,Slug,Arionidae,Arion,subfuscus,8/8/2017,FALSE,,20,2017-12A5-3,586473,4956046,01:10,Alec Wong
722,Slug,Arionidae,Arion,subfuscus,8/8/2017,FALSE,,20,2017-12A5-3,586473,4956046,01:10,Alec Wong
723,Slug,Arionidae,Arion,subfuscus,8/8/2017,FALSE,,20,2017-12A5-3,586473,4956046,01:10,Alec Wong
724,Slug,Arionidae,Arion,subfuscus,8/8/2017,FALSE,,20,2017-12A5-3,586473,4956046,01:10,Alec Wong
725,Slug,Arionidae,Arion,subfuscus,8/8/2017,FALSE,,20,2017-12A5-2-2,586292,4956552,01:10,Alec Wong
726,Slug,Arionidae,Arion,subfuscus,8/8/2017,FALSE,,20,2017-12A5-2-2,586292,4956552,01:10,Alec Wong
727,Slug,Arionidae,Arion,subfuscus,8/8/2017,FALSE,,20,2017-12A5-2-2,586292,4956552,01:10,Alec Wong
728,Slug,Arionidae,Arion,subfuscus,8/8/2017,FALSE,,20,2017-12A5-2-2,586292,4956552,01:10,Alec Wong
729,Slug,Arionidae,Arion,subfuscus,8/8/2017,FALSE,,20,2017-12A5-2-2,586292,4956552,01:10,Alec Wong
730,Slug,Arionidae,Arion,subfuscus,8/8/2017,FALSE,,20,2017-12A5-2-2,586292,4956552,01:10,Alec Wong
731,Slug,Arionidae,Arion,subfuscus,8/6/2017,FALSE,,20,2017-10B3-1-1,579001,4865688,01:10,Alec Wong
732,Slug,Arionidae,Arion,subfuscus,8/6/2017,FALSE,,20,2017-10B3-1-1,579001,4865688,01:10,Alec Wong
733,Slug,Arionidae,Arion,subfuscus,8/6/2017,FALSE,,20,2017-10B3-1-1,579001,4865688,01:10,Alec Wong
734,Slug,Arionidae,Arion,subfuscus,8/6/2017,FALSE,,20,2017-10B3-1-1,579001,4865688,01:10,Alec Wong
735,Slug,Arionidae,Arion,subfuscus,8/6/2017,FALSE,,20,2017-10B3-1-1,579001,4865688,01:10,Alec Wong
736,Slug,Arionidae,Arion,subfuscus,8/6/2017,FALSE,,20,2017-10B3-1-1,579001,4865688,01:10,Alec Wong
737,Slug,Arionidae,Arion,subfuscus,8/6/2017,FALSE,,20,2017-10B3-3,578476,4865944,01:10,Alec Wong
738,Slug,Arionidae,Arion,subfuscus,8/6/2017,FALSE,,20,2017-10B3-3,578476,4865944,01:10,Alec Wong
739,Slug,Arionidae,Arion,subfuscus,8/6/2017,FALSE,,20,2017-10B3-3,578476,4865944,01:10,Alec Wong
740,Slug,Arionidae,Arion,subfuscus,8/6/2017,FALSE,,20,2017-10B3-3,578476,4865944,01:10,Alec Wong
741,Slug,Arionidae,Arion,subfuscus,8/6/2017,FALSE,,20,2017-10B2-2,584403.63,4865648,01:10,Alec Wong
742,Slug,Arionidae,Arion,subfuscus,8/6/2017,FALSE,,20,2017-10B2-2,584403.63,4865648,01:10,Alec Wong
743,Slug,Arionidae,Arion,subfuscus,8/6/2017,FALSE,,20,2017-10B2-2,584403.63,4865648,01:10,Alec Wong
744,Slug,Arionidae,Arion,subfuscus,8/6/2017,FALSE,,20,2017-10B2-2,584403.63,4865648,01:10,Alec Wong
745,Slug,Arionidae,Arion,subfuscus,8/6/2017,FALSE,,20,2017-10B2-3-1,584303.81,4866156,01:10,Alec Wong
746,Slug,Arionidae,Arion,subfuscus,8/6/2017,FALSE,,20,2017-10B2-3-1,584303.81,4866156,01:10,Alec Wong
747,Slug,Arionidae,Arion,subfuscus,8/6/2017,FALSE,,20,2017-10B2-3-1,584303.81,4866156,01:10,Alec Wong
748,Slug,Arionidae,Arion,subfuscus,8/6/2017,FALSE,,20,2017-10B2-3-1,584303.81,4866156,01:10,Alec Wong
749,Slug,Arionidae,Arion,subfuscus,8/6/2017,FALSE,,20,2017-10B2-3-1,584303.81,4866156,01:10,Alec Wong
750,Slug,Arionidae,Arion,subfuscus,8/5/2017,FALSE,,20,2017-12A1-3,590491,4954746,01:10,Alec Wong
751,Slug,Arionidae,Arion,subfuscus,8/5/2017,FALSE,,20,2017-12A1-3,590491,4954746,01:10,Alec Wong
752,Slug,Arionidae,Arion,subfuscus,8/5/2017,FALSE,,20,2017-12A1-3,590491,4954746,01:10,Alec Wong
753,Slug,Arionidae,Arion,subfuscus,8/5/2017,FALSE,,20,2017-12A1-3,590491,4954746,01:10,Alec Wong
754,Slug,Arionidae,Arion,subfuscus,8/5/2017,FALSE,,20,2017-12A1-3,590491,4954746,01:10,Alec Wong
755,Slug,Arionidae,Arion,subfuscus,8/5/2017,FALSE,,20,2017-12A1-3,590491,4954746,01:10,Alec Wong
756,Slug,Arionidae,Arion,subfuscus,8/5/2017,FALSE,,20,2017-12A1-3,590491,4954746,01:10,Alec Wong
757,Slug,Arionidae,Arion,subfuscus,8/5/2017,FALSE,,20,2017-12A1-1,590981,4955078,01:10,Alec Wong
758,Slug,Arionidae,Arion,subfuscus,8/5/2017,FALSE,,20,2017-12A1-1,590981,4955078,01:10,Alec Wong
759,Slug,Arionidae,Arion,subfuscus,8/5/2017,FALSE,,20,2017-12A1-1,590981,4955078,01:10,Alec Wong
760,Slug,Arionidae,Arion,subfuscus,8/5/2017,FALSE,,21,2017-12A1-1,590981,4955078,01:10,Alec Wong
761,Slug,Arionidae,Arion,subfuscus,8/5/2017,FALSE,,21,2017-12A1-1,590981,4955078,01:10,Alec Wong
762,Slug,Arionidae,Arion,subfuscus,8/5/2017,FALSE,,21,2017-12A1-1,590981,4955078,01:10,Alec Wong
763,Slug,Arionidae,Arion,subfuscus,8/5/2017,FALSE,,21,2017-12A1-1,590981,4955078,01:10,Alec Wong
764,Slug,Arionidae,Arion,subfuscus,8/5/2017,FALSE,,21,2017-12A1-1,590981,4955078,01:10,Alec Wong
765,Slug,Arionidae,Arion,subfuscus,8/5/2017,FALSE,,21,2017-12A5-2,586270,4956550,01:10,Alec Wong
766,Slug,Arionidae,Arion,subfuscus,8/5/2017,FALSE,,21,2017-12A5-2,586270,4956550,01:10,Alec Wong
767,Slug,Arionidae,Arion,subfuscus,8/5/2017,FALSE,,21,2017-12A5-2,586270,4956550,01:10,Alec Wong
768,Slug,Arionidae,Arion,subfuscus,8/5/2017,FALSE,,21,2017-12A5-2,586270,4956550,01:10,Alec Wong
769,Slug,Arionidae,Arion,subfuscus,8/5/2017,FALSE,,21,2017-12A5-2,586270,4956550,01:10,Alec Wong
770,Slug,Arionidae,Arion,subfuscus,8/5/2017,FALSE,,21,2017-12A5-2,586270,4956550,01:10,Alec Wong
771,Slug,Arionidae,Arion,subfuscus,8/5/2017,FALSE,,21,2017-12A5-2,586270,4956550,01:10,Alec Wong
772,Slug,Arionidae,Arion,subfuscus,8/5/2017,FALSE,,21,2017-12A5-2,586270,4956550,01:10,Alec Wong
773,Slug,Arionidae,Arion,subfuscus,8/5/2017,FALSE,,21,2017-12A5-2,586270,4956550,01:10,Alec Wong
774,Slug,Arionidae,Arion,subfuscus,8/8/2017,FALSE,,21,2017-12A5-2,586270,4956550,01:10,Alec Wong
775,Slug,Arionidae,Arion,subfuscus,8/8/2017,FALSE,,21,2017-12A5-2,586270,4956550,01:10,Alec Wong
776,Slug,Arionidae,Arion,subfuscus,8/8/2017,FALSE,,21,2017-12A5-2,586270,4956550,01:10,Alec Wong
777,Slug,Arionidae,Arion,subfuscus,8/8/2017,FALSE,,21,2017-12A5-2,586270,4956550,01:10,Alec Wong
778,Slug,Arionidae,Arion,subfuscus,8/8/2017,FALSE,,21,2017-12A5-2,586270,4956550,01:10,Alec Wong
779,Slug,Arionidae,Arion,subfuscus,8/8/2017,FALSE,,21,2017-12A5-2,586270,4956550,01:10,Alec Wong
780,Slug,Arionidae,Arion,subfuscus,8/8/2017,FALSE,,21,2017-12A5-2,586270,4956550,01:10,Alec Wong
781,Slug,Arionidae,Arion,subfuscus,8/8/2017,FALSE,,21,2017-12A5-2,586270,4956550,01:10,Alec Wong
782,Slug,Arionidae,Arion,subfuscus,8/8/2017,FALSE,,21,2017-12A5-2,586270,4956550,01:10,Alec Wong
783,Slug,Arionidae,Arion,subfuscus,8/8/2017,FALSE,,21,2017-12A5-2,586270,4956550,01:10,Alec Wong
784,Slug,Arionidae,Arion,subfuscus,8/8/2017,FALSE,,21,2017-12A5-2,586270,4956550,01:10,Alec Wong
785,Slug,Arionidae,Arion,subfuscus,8/8/2017,FALSE,,21,2017-12A5-2,586270,4956550,01:10,Alec Wong
786,Slug,Arionidae,Arion,subfuscus,7/25/2017,FALSE,,21,2017-10B4-1,579333,4863199,01:10,Alec Wong
787,Slug,Arionidae,Arion,subfuscus,7/25/2017,FALSE,,21,2017-10B4-1,579333,4863199,01:10,Alec Wong
788,Slug,Arionidae,Arion,subfuscus,7/25/2017,FALSE,,21,2017-10B4-1,579333,4863199,01:10,Alec Wong
789,Slug,Arionidae,Arion,subfuscus,7/25/2017,FALSE,,21,2017-10B4-1,579333,4863199,01:10,Alec Wong
790,Slug,Arionidae,Arion,subfuscus,7/25/2017,FALSE,,21,2017-10B4-1,579333,4863199,01:10,Alec Wong
791,Slug,Arionidae,Arion,subfuscus,7/25/2017,FALSE,,21,2017-10B4-1,579333,4863199,01:10,Alec Wong
792,Slug,Arionidae,Arion,subfuscus,7/25/2017,FALSE,,21,2017-10B4-1,579333,4863199,01:10,Alec Wong
793,Slug,Arionidae,Arion,subfuscus,7/25/2017,FALSE,,21,2017-10B4-1,579333,4863199,01:10,Alec Wong
794,Slug,Arionidae,Arion,subfuscus,7/25/2017,FALSE,,21,2017-10B4-1,579333,4863199,01:10,Alec Wong
795,Slug,Arionidae,Arion,subfuscus,7/25/2017,FALSE,,21,2017-10B4-1,579333,4863199,01:10,Alec Wong
796,Slug,Arionidae,Arion,subfuscus,7/25/2017,FALSE,,21,2017-10B4-1,579333,4863199,01:10,Alec Wong
797,Slug,Arionidae,Arion,subfuscus,7/25/2017,TRUE,,21,2017-10B4-1,579333,4863199,01:10,Alec Wong
798,Slug,Arionidae,Arion,subfuscus,7/25/2017,FALSE,,21,2017-10B4-1,579333,4863199,01:10,Alec Wong
799,Slug,Arionidae,Arion,subfuscus,7/25/2017,FALSE,,21,2017-10B4-1,579333,4863199,01:10,Alec Wong
800,Slug,Arionidae,Arion,subfuscus,7/25/2017,FALSE,,21,2017-10B4-1,579333,4863199,01:10,Alec Wong
801,Slug,Philomycidae,Pallifera,dorsalis,8/8/2017,FALSE,,21,2017-12A5-3,586473,4956046,01:10,Alec Wong
802,Slug,Philomycidae,Pallifera,dorsalis,8/8/2017,FALSE,,21,2017-12A5-3,586473,4956046,01:10,Alec Wong
803,Slug,Philomycidae,Pallifera,dorsalis,8/8/2017,FALSE,,21,2017-12A5-3,586473,4956046,01:10,Alec Wong
804,Slug,Philomycidae,Philomycus,carolinianus,5/23/2018,FALSE,,21,2018-S804,565698,4847536,01:10,Emma Hurley
805,Slug,Philomycidae,Pallifera,dorsalis,5/26/2018,FALSE,,21,2018-S805,578803,4865269,01:10,Alec Wong
806,Snail,Punctidae,Punctum,minutissimum,5/27/2018,FALSE,,22,2018-S806,569585,4847795,01:10,Alec Wong
807,Slug,Philomycidae,Pallifera,ohioensis,5/30/2018,FALSE,,22,2018-S807,583710,4943646,01:10,Dakotah Tanczuk
808,Slug,Arionidae,Arion,intermedius,6/2/2018,FALSE,,22,2018-S808,549725,4939563,01:10,Alec Wong
809,Snail,Valloniidae,Planogyra,asteriscus,6/2/2018,FALSE,,22,2018-S809,549725,4939563,01:10,Alec Wong
810,Slug,Arionidae,Arion,fasciatus,6/2/2018,FALSE,,22,2018-S810,549485,4939389,01:10,Alec Wong
811,Snail,Gastrodontidae,Striatura,ferrea,6/2/2018,FALSE,,22,2018-S811,549485,4939389,01:10,Alec Wong
812,Snail,Punctidae,Punctum,minutissimum,6/2/2018,FALSE,,22,2018-S812,549485,4939389,01:10,Alec Wong
813,Slug,Agriolimacidae,Deroceras,laeve,6/2/2018,FALSE,,22,2018-S813,549485,4939389,01:10,Alec Wong
814,Slug,Arionidae,Arion,fasciatus,6/2/2018,FALSE,,22,2018-S814,549485,4939389,01:10,Alec Wong
815,Slug,Agriolimacidae,Deroceras,laeve,6/2/2018,FALSE,,22,2018-S815,549485,4939389,01:10,Alec Wong
816,Slug,Arionidae,Arion,subfuscus,6/2/2018,FALSE,,23,2018-S816,549485,4939389,01:10,Alec Wong
817,Slug,Agriolimacidae,Deroceras,laeve,6/2/2018,FALSE,,22,2018-S817,549485,4939389,01:10,Alec Wong
818,Slug,Arionidae,Arion,fasciatus,6/2/2018,FALSE,,22,2018-S818,549485,4939389,01:10,Alec Wong
819,Snail,Gastrodontidae,Striatura,ferrea,6/2/2018,FALSE,,22,2018-S819,549860,4940008,01:10,Alec Wong
820,Slug,Arionidae,Arion,fasciatus,6/2/2018,FALSE,,22,2018-S820,549860,4940008,01:10,Alec Wong
821,Snail,Discidae,Anguispira,clarkii,6/2/2018,FALSE,,22,2018-S821,583710,4944011,01:10,Alec Wong
822,Slug,Arionidae,Arion,unknown,6/2/2018,FALSE,,22,2018-S822,549860,4940008,01:10,Alec Wong
823,Slug,Arionidae,Arion,fasciatus,6/2/2018,FALSE,,22,2018-S823,549860,4940008,01:10,Alec Wong
824,Slug,Arionidae,Arion,fasciatus,6/2/2018,FALSE,,22,2018-S824,583710,4944011,01:10,Alec Wong
825,Slug,Arionidae,Arion,fasciatus,6/2/2018,FALSE,,22,2018-S825,583710,4944011,01:10,Alec Wong
826,Slug,Arionidae,Arion,fasciatus,6/2/2018,FALSE,,22,2018-S826,583710,4944011,01:10,Alec Wong
827,Slug,Arionidae,Arion,unknown,6/2/2018,FALSE,,22,2018-S827,549860,4940008,01:10,Alec Wong
828,Slug,Philomycidae,Pallifera,ohioensis,6/2/2018,FALSE,,22,2018-S828,549860,4940008,01:10,Alec Wong
829,Slug,Arionidae,Arion,unknown,6/2/2018,FALSE,,22,2018-S829,549860,4940008,01:10,Alec Wong
830,Slug,Philomycidae,Pallifera,unknown,6/2/2018,FALSE,,22,2018-S830,549860,4940008,01:10,Alec Wong
831,Slug,Arionidae,Arion,unknown,6/2/2018,FALSE,,22,2018-S831,549860,4940008,01:10,Alec Wong
832,Slug,Arionidae,Arion,fasciatus,6/2/2018,FALSE,,23,2018-S832,549860,4940008,01:10,Alec Wong
833,Snail,Oxychilidae,Oxychilus,draparnaudi,6/2/2018,FALSE,,22,2018-S833,549860,4940008,01:10,Alec Wong
834,Snail,Polygyridae,Mesodon,mitchellianus,6/5/2018,FALSE,,22,2018-S834,547880,4826376,01:10,Anna Ullmann
835,Snail,Oxychilidae,Oxychilus,draparnaudi,6/5/2018,TRUE,,22,2018-S835,547880,4826376,01:10,Emma Hurley
836,Slug,Arionidae,Arion,fasciatus,6/5/2018,FALSE,,22,2018-S836,548481,4826685,01:10,Anna Ullmann
837,Snail,Polygyridae,Mesodon,pennsylvanicus,6/5/2018,FALSE,,22,2018-S837,548317,4826214,01:10,Emma Hurley
838,Slug,Arionidae,Arion,unknown,6/5/2018,FALSE,,22,2018-S838,548233,4856160,01:10,Anna Ullmann
839,Snail,Zonitidae,Mesomphix,andrewsae,6/5/2018,FALSE,,22,2018-S839,548040,4826228,01:10,Emma Hurley
840,Slug,Arionidae,Arion,intermedius,6/5/2018,FALSE,,22,2018-S840,546510,4828746,01:10,Anna Ullmann
841,Slug,Philomycidae,Philomycus,carolinianus,6/5/2018,FALSE,,22,2018-S841,546040,4828797,01:10,Anna Ullmann
842,Snail,Polygyridae,Mesodon,unknown,6/5/2018,FALSE,,22,2018-S842,545903,4828468,01:10,Emma Hurley
843,Slug,Philomycidae,Philomycus,carolinianus,6/5/2018,FALSE,,22,2018-S843,546053,4828233,01:10,Anna Ullmann
844,Slug,Philomycidae,Philomycus,carolinianus,6/6/2018,FALSE,,22,2018-S844,512831,4803055,01:10,Anna Ullmann
845,Slug,Philomycidae,Philomycus,carolinianus,6/6/2018,FALSE,,22,2018-S845,512969,4803111,01:10,Anna Ullmann
846,Slug,Philomycidae,Philomycus,carolinianus,6/6/2018,FALSE,,22,2018-S846,512994,4803114,01:10,Anna Ullmann
847,Slug,Philomycidae,Philomycus,carolinianus,6/6/2018,FALSE,,22,2018-S847,513378,4803276,01:10,Anna Ullmann
848,Snail,Zonitidae,Zonitoides,arboreus,6/6/2018,FALSE,,22,2018-S848,513414,4803440,01:10,Anna Ullmann
849,Snail,Zonitidae,Zonitoides,arboreus,6/6/2018,FALSE,,22,2018-S849,513414,4803440,01:10,Anna Ullmann
850,Slug,Philomycidae,Philomycus,carolinianus,6/6/2018,FALSE,,22,2018-S850,513414,4803440,01:10,Anna Ullmann
851,Slug,Philomycidae,Philomycus,carolinianus,6/6/2018,FALSE,,22,2018-S851,513414,4803440,01:10,Anna Ullmann
852,Slug,Philomycidae,Philomycus,carolinianus,6/6/2018,FALSE,,22,2018-S852,513414,4803440,01:10,Anna Ullmann
853,Slug,Philomycidae,Philomycus,carolinianus,6/6/2018,FALSE,,23,2018-S853,513414,4803440,01:10,Anna Ullmann
854,Slug,Philomycidae,Philomycus,carolinianus,6/6/2018,FALSE,,23,2018-S854,513257,4803683,01:10,Anna Ullmann
855,Snail,Polygyridae,Mesodon,unknown,6/6/2018,FALSE,,23,2018-S855,513136,4803821,01:10,Anna Ullmann
856,Snail,Discidae,Anguispira,alternata,6/6/2018,FALSE,,23,2018-S856,510764,4803235,01:10,Emma Hurley
857,Slug,Agriolimacidae,Deroceras,unknown,6/6/2018,FALSE,,23,2018-S857,510764,4803235,01:10,Emma Hurley
858,Slug,Philomycidae,Philomycus,carolinianus,6/6/2018,FALSE,,23,2018-S858,510788,4803430,01:10,Anna Ullmann
859,Snail,Polygyridae,Mesodon,mitchellianus,6/6/2018,FALSE,,23,2018-S859,510323,4803658,01:10,Anna Ullmann
860,Slug,Philomycidae,Philomycus,carolinianus,6/6/2018,FALSE,,23,2018-S860,510323,4803658,01:10,Anna Ullmann
861,Slug,Philomycidae,Philomycus,carolinianus,6/6/2018,FALSE,,23,2018-S861,512022,4807420,01:10,Anna Ullmann
862,Slug,Philomycidae,Philomycus,carolinianus,6/6/2018,FALSE,,23,2018-S862,511927,4807527,01:10,Anna Ullmann
863,Slug,Philomycidae,Philomycus,carolinianus,6/6/2018,FALSE,,23,2018-S863,511721,4807653,01:10,Anna Ullmann
864,Slug,Philomycidae,Philomycus,carolinianus,6/6/2018,FALSE,,23,2018-S864,511721,4807653,01:10,Anna Ullmann
865,Slug,Philomycidae,Philomycus,carolinianus,6/6/2018,FALSE,,23,2018-S865,511516,4807471,01:10,Anna Ullmann
866,Snail,Discidae,Anguispira,alternata,6/6/2018,FALSE,,23,2018-S866,511421,4807302,01:10,Anna Ullmann
867,Slug,Philomycidae,Philomycus,carolinianus,6/7/2018,FALSE,,23,2018-S867,534627,4802282,01:10,Anna Ullmann
868,Snail,Oxychilidae,Oxychilus,draparnaudi,6/7/2018,FALSE,,23,2018-S868,534627,4802282,01:10,Anna Ullmann
869,Slug,Philomycidae,Philomycus,carolinianus,6/7/2018,FALSE,,23,2018-S869,534876,4802116,01:10,Anna Ullmann
870,Snail,Polygyridae,Mesodon,unknown,6/7/2018,FALSE,,23,2018-S870,534876,4802116,01:10,Anna Ullmann
871,Snail,Oxychilidae,Oxychilus,draparnaudi,6/7/2018,FALSE,,23,2018-S871,534876,4802116,01:10,Anna Ullmann
872,Slug,Arionidae,Arion,fasciatus,6/7/2018,FALSE,,23,2018-S872,537063,4802000,01:10,Emma Hurley
873,Slug,Philomycidae,Philomycus,carolinianus,6/7/2018,FALSE,,23,2018-S873,537102,4801987,01:10,Anna Ullmann
874,Slug,Arionidae,Arion,fasciatus,6/7/2018,FALSE,,23,2018-S874,537768,4801711,01:10,Anna Ullmann
875,Slug,Philomycidae,Philomycus,carolinianus,6/7/2018,FALSE,,23,2018-S875,537505,4801341,01:10,Anna Ullmann
876,Snail,Zonitidae,Mesomphix,friabilis,6/7/2018,FALSE,,23,2018-S876,537463,4801326,01:10,Anna Ullmann
877,Slug,Philomycidae,Philomycus,carolinianus,6/7/2018,FALSE,,23,2018-S877,537269,4801279,01:10,Anna Ullmann
878,Slug,Arionidae,Arion,fasciatus,6/7/2018,FALSE,,23,2018-S878,536809,4800539,01:10,Anna Ullmann
879,Slug,Arionidae,Arion,fasciatus,6/7/2018,FALSE,,23,2018-S879,536809,4800539,01:10,Anna Ullmann
880,Slug,Philomycidae,Philomycus,carolinianus,6/7/2018,FALSE,,23,2018-S880,536809,4800539,01:10,Anna Ullmann
881,Slug,Philomycidae,Philomycus,carolinianus,6/7/2018,FALSE,,23,2018-S881,536572,4800584,01:10,Anna Ullmann
882,Snail,Polygyridae,Triodopsis,tridentata,6/7/2018,FALSE,,23,2018-S882,536572,4800584,01:10,Anna Ullmann
883,Slug,Arionidae,Arion,fasciatus,6/7/2018,FALSE,,23,2018-S883,536298,4800183,01:10,Anna Ullmann
884,Snail,Polygyridae,Mesodon,sayanus,6/7/2018,FALSE,,23,2018-S884,536248,4800183,01:10,Anna Ullmann
885,Snail,Polygyridae,Triodopsis,albolabris,6/7/2018,FALSE,,23,2018-S885,536544,4799838,01:10,Anna Ullmann
886,Slug,Philomycidae,Philomycus,carolinianus,6/7/2018,FALSE,,23,2018-S886,536544,4799838,01:10,Anna Ullmann
887,Snail,Helicodiscidae,Helicodiscus,singleyanus,6/7/2018,FALSE,,23,2018-S887,536624,4799896,01:10,Anna Ullmann
888,Slug,Philomycidae,Philomycus,carolinianus,6/6/2018,FALSE,,23,2018-S888,510808,4803534,01:10,Anna Ullmann
889,Snail,Oxychilidae,Oxychilus,draparnaudi,6/8/2018,FALSE,,23,2018-S889,546758,4828502,01:10,Emma Hurley
890,Snail,Polygyridae,Triodopsis,denotata,6/8/2018,FALSE,,23,2018-S890,545952,4828201,01:10,Emma Hurley
891,Snail,Polygyridae,Triodopsis,tridentata,6/8/2018,FALSE,,23,2018-S891,548184,4826924,01:10,Emma Hurley
892,Snail,Polygyridae,Triodopsis,tridentata,6/8/2018,FALSE,,23,2018-S892,548577,4826368,01:10,Emma Hurley
893,Snail,Discidae,Anguispira,alternata,6/8/2018,FALSE,,23,2018-S893,548577,4826368,01:10,Emma Hurley
894,Snail,Discidae,Anguispira,alternata,6/8/2018,FALSE,,23,2018-S894,548577,4826368,01:10,Emma Hurley
895,Slug,Philomycidae,Pallifera,ohioensis,6/2/2018,FALSE,,23,2018-S895,549860,4940008,01:10,Emma Hurley
